0.334817111492157, 0.9032596945762634, 1.1266740429505262e-08, 0.4036893844604492, 0.8709143400192261, -0.015087597072124481, 0.4715421795845032, 0.8003513813018799, -0.03644748404622078, 0.528012216091156, 0.7495542764663696, -0.06158015504479408, 0.5748779773712158, 0.7274744510650635, -0.08454696089029312, 0.4057959020137787, 0.6797323226928711, -0.01622256077826023, 0.41649559140205383, 0.6274219155311584, -0.029722625389695168, 0.41951319575309753, 0.6843993663787842, -0.033276673406362534, 0.41904184222221375, 0.7193383574485779, -0.039076779037714005, 0.35349249839782715, 0.6795758008956909, -0.030242184177041054, 0.36545529961586, 0.650467038154602, -0.05153409019112587, 0.37010064721107483, 0.7272616624832153, -0.060424771159887314, 0.36937645077705383, 0.758746325969696, -0.065233014523983, 0.3008556365966797, 0.6938623189926147, -0.0458897203207016, 0.3125227093696594, 0.6696781516075134, -0.06597471982240677, 0.32110780477523804, 0.7470899820327759, -0.06762073189020157, 0.3243696689605713, 0.780540406703949, -0.06728892028331757, 0.24854175746440887, 0.7160804271697998, -0.06392867118120193, 0.2560254633426666, 0.6879439949989319, -0.07467378675937653, 0.26977014541625977, 0.7459433674812317, -0.07236967235803604, 0.27549290657043457, 0.7752575874328613, -0.07032054662704468,i am sudheer
0.3288835883140564, 0.615801215171814, 1.4467231856940543e-08, 0.40842747688293457, 0.5829913020133972, -0.008017490617930889, 0.48331567645072937, 0.5313790440559387, -0.027636265382170677, 0.5508242845535278, 0.5172590017318726, -0.0559084489941597, 0.6007152795791626, 0.5259890556335449, -0.08157599717378616, 0.4235523045063019, 0.3654566705226898, 0.017075495794415474, 0.4355278015136719, 0.2748313248157501, 0.005579940974712372, 0.4492262005805969, 0.31417250633239746, 0.0028161678928881884, 0.44303059577941895, 0.35857242345809937, 0.00029265551711432636, 0.3812987804412842, 0.3534872233867645, -0.0033967061899602413, 0.40123313665390015, 0.2531205713748932, -0.023916419595479965, 0.41083672642707825, 0.3152535557746887, -0.032551418989896774, 0.3995576798915863, 0.36854928731918335, -0.032266195863485336, 0.33503156900405884, 0.35602936148643494, -0.02887832745909691, 0.35190826654434204, 0.2565290629863739, -0.048508282750844955, 0.365163117647171, 0.30566051602363586, -0.05548277497291565, 0.35783424973487854, 0.3507670760154724, -0.05500141531229019, 0.2849275767803192, 0.3749973475933075, -0.05723508819937706, 0.29500824213027954, 0.2995571792125702, -0.06648246943950653, 0.312190443277359, 0.32206568121910095, -0.06767986714839935, 0.31305116415023804, 0.3478248119354248, -0.06661926209926605,i am sudheer
0.3364494740962982, 0.5898820757865906, 6.587663747836814e-09, 0.4191163182258606, 0.5601547956466675, -0.011773161590099335, 0.49529120326042175, 0.5139595866203308, -0.02897312119603157, 0.5657069683074951, 0.4997902512550354, -0.05396735295653343, 0.6123110055923462, 0.5045406818389893, -0.07682663202285767, 0.4379109740257263, 0.354829877614975, 0.025157533586025238, 0.4541740417480469, 0.27232202887535095, 0.016050001606345177, 0.47339802980422974, 0.2895762622356415, 0.009404298849403858, 0.47667065262794495, 0.3200374245643616, 0.004992486909031868, 0.3999015688896179, 0.3391076326370239, 0.010315162129700184, 0.41574493050575256, 0.23920820653438568, -0.0036376097705215216, 0.4294627904891968, 0.2752119302749634, -0.016519123688340187, 0.4269947111606598, 0.321182519197464, -0.020536888390779495, 0.3573448657989502, 0.3374652564525604, -0.010473937727510929, 0.3685336709022522, 0.2354412078857422, -0.02373887039721012, 0.3858082592487335, 0.26807183027267456, -0.0342845618724823, 0.38733571767807007, 0.31421905755996704, -0.037565216422080994, 0.3108147978782654, 0.3541969060897827, -0.03480822965502739, 0.31588661670684814, 0.2729703187942505, -0.03902707248926163, 0.33255162835121155, 0.2851787209510803, -0.04104345291852951, 0.33695319294929504, 0.3132776618003845, -0.04158899188041687,i am sudheer
0.3765377104282379, 0.5357301831245422, 2.6184163726128418e-09, 0.4619743525981903, 0.5131621360778809, -0.0042293136939406395, 0.5344606041908264, 0.4722168743610382, -0.014932193793356419, 0.5986179113388062, 0.4631641209125519, -0.03614781051874161, 0.6413256525993347, 0.48037928342819214, -0.05511310696601868, 0.4940885603427887, 0.3112890124320984, 0.05084632337093353, 0.5069596171379089, 0.23574453592300415, 0.04323380067944527, 0.5260325074195862, 0.2350548505783081, 0.03417107090353966, 0.5320736765861511, 0.25125420093536377, 0.028139334172010422, 0.46069833636283875, 0.29359135031700134, 0.03229544311761856, 0.47849926352500916, 0.2070028930902481, 0.0163706224411726, 0.4867188632488251, 0.2550685405731201, 0.0006850518984720111, 0.4798084497451782, 0.30418241024017334, -0.0021737038623541594, 0.42184045910835266, 0.28795626759529114, 0.006652756128460169, 0.4397706687450409, 0.20209667086601257, -0.010069669224321842, 0.44903504848480225, 0.25086158514022827, -0.02170485258102417, 0.442047119140625, 0.2978818118572235, -0.0228342916816473, 0.378810852766037, 0.297005295753479, -0.02262708730995655, 0.39201855659484863, 0.22982311248779297, -0.028190255165100098, 0.404121458530426, 0.25984326004981995, -0.030476415529847145, 0.40173283219337463, 0.2940051853656769, -0.029773900285363197,i am sudheer
0.39289388060569763, 0.518578827381134, 8.051284083876453e-09, 0.47149720788002014, 0.5046949982643127, -0.010619345121085644, 0.5420703887939453, 0.4741167426109314, -0.027194306254386902, 0.6038960814476013, 0.4712887406349182, -0.05219116806983948, 0.6461239457130432, 0.48314088582992554, -0.07578063011169434, 0.5009046792984009, 0.31946948170661926, 0.027350597083568573, 0.5183805227279663, 0.23953863978385925, 0.013459903188049793, 0.5320693254470825, 0.2504076659679413, 0.001394653576426208, 0.5344672203063965, 0.27703022956848145, -0.006744552403688431, 0.46764662861824036, 0.30326977372169495, 0.011329582892358303, 0.4879072606563568, 0.21599817276000977, -0.012669011950492859, 0.4933006167411804, 0.2584614157676697, -0.03340112045407295, 0.486449271440506, 0.30657488107681274, -0.04079780355095863, 0.4295998215675354, 0.2973434627056122, -0.010558339767158031, 0.4474015533924103, 0.21245983242988586, -0.03311929851770401, 0.4544081389904022, 0.25599727034568787, -0.047544214874506, 0.448863685131073, 0.304581880569458, -0.051414888352155685, 0.38787180185317993, 0.304455041885376, -0.035733092576265335, 0.40007779002189636, 0.231697216629982, -0.046672508120536804, 0.4096980094909668, 0.2596551775932312, -0.05105707421898842, 0.40815088152885437, 0.29605358839035034, -0.05219321325421333,i am sudheer
0.40029376745224, 0.5154271125793457, 7.925951450715729e-09, 0.4777829945087433, 0.5023084878921509, -0.007110293954610825, 0.5464649796485901, 0.472667396068573, -0.022326262667775154, 0.6062530279159546, 0.4682970941066742, -0.046078555285930634, 0.6471568942070007, 0.4799066185951233, -0.067720428109169, 0.5079744458198547, 0.31978046894073486, 0.02905207686126232, 0.5258492231369019, 0.2413022518157959, 0.018745526671409607, 0.5376003980636597, 0.2652987241744995, 0.011360285803675652, 0.5349177122116089, 0.2980338931083679, 0.0059676081873476505, 0.47629982233047485, 0.3042616844177246, 0.012145990505814552, 0.4982219934463501, 0.22019879519939423, -0.0070777530781924725, 0.503886878490448, 0.2664671838283539, -0.02259981259703636, 0.4944303631782532, 0.3094453513622284, -0.027039282023906708, 0.43941569328308105, 0.2981452941894531, -0.010083670727908611, 0.45812880992889404, 0.21675437688827515, -0.02873668447136879, 0.46454745531082153, 0.26419496536254883, -0.03850938752293587, 0.45562073588371277, 0.3093430697917938, -0.039610378444194794, 0.39831697940826416, 0.3046201169490814, -0.03516198694705963, 0.4135071635246277, 0.2342478632926941, -0.043323226273059845, 0.4233666956424713, 0.26716601848602295, -0.04443683847784996, 0.4190530478954315, 0.3046649992465973, -0.04312789440155029,i am sudheer
0.41078513860702515, 0.4903469979763031, 8.328958855940982e-09, 0.4949128329753876, 0.4724632203578949, -0.005596754606813192, 0.5614808201789856, 0.44228440523147583, -0.017428290098905563, 0.6187928318977356, 0.4208606779575348, -0.03638289496302605, 0.6633333563804626, 0.41981425881385803, -0.05162474513053894, 0.5222159028053284, 0.33734211325645447, 0.02912663295865059, 0.5450298190116882, 0.2874394655227661, 0.023210465908050537, 0.5358213782310486, 0.341402143239975, 0.0210961252450943, 0.5248373746871948, 0.37073978781700134, 0.017419923096895218, 0.4878624677658081, 0.3191280663013458, 0.014330842532217503, 0.5086668729782104, 0.27078044414520264, -0.005569334141910076, 0.4970178008079529, 0.3381476402282715, -0.01986605115234852, 0.4869212210178375, 0.36648836731910706, -0.02386697754263878, 0.4490453898906708, 0.3065456748008728, -0.0038308273069560528, 0.4710250794887543, 0.2518221139907837, -0.023751916363835335, 0.4646643400192261, 0.31668007373809814, -0.03198825195431709, 0.45464959740638733, 0.35010626912117004, -0.03168320655822754, 0.408260703086853, 0.3016562759876251, -0.023366102948784828, 0.42887240648269653, 0.2466946244239807, -0.029167870059609413, 0.431870698928833, 0.2916339039802551, -0.02894527092576027, 0.42503783106803894, 0.32261839509010315, -0.027279475703835487,i am sudheer
0.41684195399284363, 0.4779742956161499, 7.881806318721374e-09, 0.49455586075782776, 0.4674586057662964, -0.007669903803616762, 0.5617436170578003, 0.4410148561000824, -0.022086629644036293, 0.6204277873039246, 0.4245337247848511, -0.04276004433631897, 0.6680232286453247, 0.42719903588294983, -0.059561338275671005, 0.521626889705658, 0.33555349707603455, 0.02139487862586975, 0.5456098318099976, 0.29252439737319946, 0.012191052548587322, 0.5323254466056824, 0.34541505575180054, 0.010657637380063534, 0.5205852389335632, 0.36761462688446045, 0.007966755889356136, 0.48751047253608704, 0.31566038727760315, 0.006972148083150387, 0.5109736323356628, 0.2724389433860779, -0.015299377031624317, 0.4941217303276062, 0.34053418040275574, -0.02483636513352394, 0.48376476764678955, 0.3595172166824341, -0.024663520976901054, 0.4504583477973938, 0.3014669120311737, -0.011263818480074406, 0.47567880153656006, 0.249781534075737, -0.034304678440093994, 0.4652293026447296, 0.31323662400245667, -0.03764921426773071, 0.4538613259792328, 0.3370448648929596, -0.03271150961518288, 0.4114765524864197, 0.2952589988708496, -0.030878063291311264, 0.43274790048599243, 0.24540852010250092, -0.03859192132949829, 0.4325394034385681, 0.2914893925189972, -0.03580431267619133, 0.4240112602710724, 0.316180020570755, -0.031208164989948273,i am sudheer
0.41402190923690796, 0.45909029245376587, 7.41461780862096e-09, 0.49205324053764343, 0.45810359716415405, -0.003862703451886773, 0.5583025217056274, 0.44552838802337646, -0.017599189653992653, 0.6151505708694458, 0.4400359094142914, -0.037909358739852905, 0.6562668085098267, 0.44898632168769836, -0.05390355736017227, 0.525522768497467, 0.32725411653518677, 0.022181887179613113, 0.5486682653427124, 0.27852123975753784, 0.014752797782421112, 0.5371593832969666, 0.330016165971756, 0.015213850885629654, 0.5270816087722778, 0.35480013489723206, 0.014175751246511936, 0.4896003305912018, 0.3032984137535095, 0.006796223111450672, 0.5136612057685852, 0.2555552124977112, -0.011868111789226532, 0.4980829358100891, 0.323160320520401, -0.017618196085095406, 0.4887462556362152, 0.34132954478263855, -0.014994855038821697, 0.45166295766830444, 0.28557300567626953, -0.011992834508419037, 0.4762391448020935, 0.22935284674167633, -0.029743649065494537, 0.46618977189064026, 0.29366329312324524, -0.02921716496348381, 0.45445722341537476, 0.3195541501045227, -0.02247196063399315, 0.41153889894485474, 0.2767658233642578, -0.03211630508303642, 0.4323812425136566, 0.22502334415912628, -0.035679496824741364, 0.4323103427886963, 0.2713703215122223, -0.030307674780488014, 0.42472043633461, 0.2973010838031769, -0.024173041805624962,i am sudheer
0.409979909658432, 0.4590286612510681, 8.37460678582147e-09, 0.493741899728775, 0.455947607755661, -0.006756496615707874, 0.5587653517723083, 0.4441496729850769, -0.022518500685691833, 0.6143499612808228, 0.4400094151496887, -0.045321621000766754, 0.6554589867591858, 0.45239973068237305, -0.06418123841285706, 0.5260075926780701, 0.32261067628860474, 0.02140367031097412, 0.5533039569854736, 0.27844497561454773, 0.011805998161435127, 0.5400858521461487, 0.3290819525718689, 0.008343993686139584, 0.5272392630577087, 0.3518220782279968, 0.004223586060106754, 0.49178779125213623, 0.2993822395801544, 0.005544949788600206, 0.5180774927139282, 0.2561059594154358, -0.01652301475405693, 0.5004234910011292, 0.320532888174057, -0.027961140498518944, 0.4875726103782654, 0.34143292903900146, -0.029838697984814644, 0.45352640748023987, 0.28214043378829956, -0.013926643878221512, 0.4809752106666565, 0.23121728003025055, -0.035007622092962265, 0.4700259864330292, 0.29351121187210083, -0.03937961533665657, 0.45679521560668945, 0.3205418884754181, -0.03631322458386421, 0.4125378727912903, 0.27343934774398804, -0.03509065881371498, 0.4351857900619507, 0.2240666151046753, -0.04091427102684975, 0.43505236506462097, 0.2688021957874298, -0.03822411596775055, 0.4255814850330353, 0.29528263211250305, -0.034676190465688705,i am sudheer
0.41613298654556274, 0.445627897977829, 7.57906004622555e-09, 0.4956654906272888, 0.4474043846130371, -0.008230287581682205, 0.5617660284042358, 0.4390788972377777, -0.024935143068432808, 0.6180886626243591, 0.437780499458313, -0.04796652868390083, 0.6603418588638306, 0.44756245613098145, -0.0672009065747261, 0.530250608921051, 0.31814098358154297, 0.017292862758040428, 0.555493175983429, 0.2727185785770416, 0.007579538505524397, 0.5435370206832886, 0.32349342107772827, 0.00468378746882081, 0.5298565030097961, 0.34992241859436035, 0.0012184040388092399, 0.49629461765289307, 0.2934551239013672, 0.002830192679539323, 0.5226254463195801, 0.24886754155158997, -0.01864604465663433, 0.5052794218063354, 0.31182602047920227, -0.029393009841442108, 0.49058061838150024, 0.3356725573539734, -0.030864376574754715, 0.4588729739189148, 0.2743973731994629, -0.01503399945795536, 0.485769659280777, 0.2232518345117569, -0.03476157784461975, 0.47419992089271545, 0.28330594301223755, -0.03844834119081497, 0.4603797197341919, 0.3111465871334076, -0.0353643000125885, 0.4186692237854004, 0.26422667503356934, -0.034669626504182816, 0.44135820865631104, 0.2164621502161026, -0.04016812890768051, 0.4391753673553467, 0.26023924350738525, -0.037222251296043396, 0.4291418194770813, 0.28685638308525085, -0.03344503790140152,i am sudheer
0.41398805379867554, 0.44877204298973083, 8.36628633038572e-09, 0.4947267174720764, 0.4487195611000061, -0.00791972316801548, 0.5646913647651672, 0.43634071946144104, -0.024514470249414444, 0.6245461106300354, 0.43257513642311096, -0.047530874609947205, 0.6677273511886597, 0.44323471188545227, -0.06658248603343964, 0.5319374799728394, 0.31473106145858765, 0.016270631924271584, 0.5610153079032898, 0.2708671987056732, 0.005846818443387747, 0.54494309425354, 0.32387346029281616, 0.00392191344872117, 0.5300788283348083, 0.3473614752292633, 0.0011561375577002764, 0.4970875084400177, 0.2904062867164612, 0.001028605387546122, 0.5252206325531006, 0.24678169190883636, -0.021795004606246948, 0.5045595169067383, 0.3138282001018524, -0.03071037493646145, 0.4904177188873291, 0.33450067043304443, -0.03031814470887184, 0.45874184370040894, 0.272356778383255, -0.017692631110548973, 0.4871448874473572, 0.2220330685377121, -0.03928320109844208, 0.47454628348350525, 0.285198450088501, -0.04130186513066292, 0.46122533082962036, 0.31027284264564514, -0.03621850162744522, 0.41834312677383423, 0.26315146684646606, -0.038125984370708466, 0.4410821795463562, 0.21548783779144287, -0.04431620612740517, 0.4393578767776489, 0.2613416612148285, -0.04052316024899483, 0.42984700202941895, 0.2857469916343689, -0.035677261650562286,i am sudheer
0.4127674102783203, 0.44746753573417664, 8.73147687485698e-09, 0.4949415326118469, 0.4476073384284973, -0.009194910526275635, 0.5635446310043335, 0.4370781183242798, -0.025600150227546692, 0.6232321858406067, 0.43374842405319214, -0.04815832898020744, 0.6663542985916138, 0.4443643093109131, -0.06653673946857452, 0.5310264825820923, 0.3098023533821106, 0.01873980462551117, 0.5605920553207397, 0.2685789465904236, 0.008792517706751823, 0.5445639491081238, 0.3205581307411194, 0.006455325987190008, 0.5298753380775452, 0.3417236804962158, 0.0032252385281026363, 0.49606677889823914, 0.2861024737358093, 0.004400177858769894, 0.5229514241218567, 0.2458408772945404, -0.017853664234280586, 0.5027483105659485, 0.31155332922935486, -0.02750270627439022, 0.49051588773727417, 0.3269542157649994, -0.027767200022935867, 0.45838654041290283, 0.2693523168563843, -0.013813375495374203, 0.4852478802204132, 0.22131553292274475, -0.03563063219189644, 0.4720507264137268, 0.28570854663848877, -0.038558345288038254, 0.45986777544021606, 0.3066307008266449, -0.03389507532119751, 0.4187067151069641, 0.26094743609428406, -0.03382298722863197, 0.4405539929866791, 0.2139202505350113, -0.040107231587171555, 0.43818849325180054, 0.2607687711715698, -0.036876291036605835, 0.42882299423217773, 0.28340888023376465, -0.03236902505159378,i am sudheer
0.41395989060401917, 0.4401402473449707, 8.287756259051093e-09, 0.49684521555900574, 0.44028836488723755, -0.00864719320088625, 0.5655415058135986, 0.43292808532714844, -0.024289283901453018, 0.6253977417945862, 0.432873010635376, -0.04629169777035713, 0.6662020683288574, 0.44403091073036194, -0.06448620557785034, 0.5296184420585632, 0.3111177682876587, 0.020601386204361916, 0.5580052733421326, 0.2679157257080078, 0.011745749972760677, 0.5451674461364746, 0.31726765632629395, 0.008645305410027504, 0.5303567051887512, 0.3427055776119232, 0.004918179474771023, 0.49566128849983215, 0.2867891192436218, 0.006576565559953451, 0.5232642292976379, 0.24014806747436523, -0.015391794964671135, 0.5051325559616089, 0.30072021484375, -0.027744362130761147, 0.4902181625366211, 0.3260113298892975, -0.030115660279989243, 0.4580030143260956, 0.26834836602211, -0.010965583845973015, 0.48549985885620117, 0.2165512591600418, -0.03185438737273216, 0.4735706150531769, 0.2767927646636963, -0.037597574293613434, 0.460070937871933, 0.3065705895423889, -0.03523952513933182, 0.41799092292785645, 0.25955137610435486, -0.030272632837295532, 0.4396700859069824, 0.210239976644516, -0.03619835153222084, 0.43810370564460754, 0.25412020087242126, -0.034514233469963074, 0.42886877059936523, 0.2819788455963135, -0.03152693063020706,i am sudheer
0.40842363238334656, 0.44417402148246765, 9.152980595672489e-09, 0.4924320876598358, 0.4424411654472351, -0.011814755387604237, 0.5619392395019531, 0.4335557222366333, -0.028168482705950737, 0.6239756941795349, 0.4332808256149292, -0.04998062551021576, 0.6655369400978088, 0.44495588541030884, -0.06755644828081131, 0.5290495753288269, 0.30729007720947266, 0.01808563992381096, 0.5585634112358093, 0.2676841616630554, 0.0080349650233984, 0.5423774123191833, 0.31995928287506104, 0.005693298298865557, 0.5276082754135132, 0.34113791584968567, 0.0026503964327275753, 0.4945063292980194, 0.28282997012138367, 0.0053051067516207695, 0.5226523280143738, 0.2407536804676056, -0.017077993601560593, 0.5021121501922607, 0.3067687749862671, -0.02706322632730007, 0.48954033851623535, 0.32415246963500977, -0.02747390978038311, 0.45686209201812744, 0.2654082775115967, -0.011659965850412846, 0.48504385352134705, 0.21527783572673798, -0.03454713523387909, 0.47154146432876587, 0.2793276309967041, -0.03881200775504112, 0.45921993255615234, 0.3011324107646942, -0.03464014083147049, 0.4178382456302643, 0.25731444358825684, -0.03050914779305458, 0.43960487842559814, 0.20928539335727692, -0.037406075745821, 0.437375009059906, 0.2563415467739105, -0.035057660192251205, 0.4279406666755676, 0.28006231784820557, -0.031066402792930603,i am sudheer
0.40689221024513245, 0.43122702836990356, 8.22378876108587e-09, 0.4866897761821747, 0.43570563197135925, -0.010941498912870884, 0.5555447340011597, 0.4319430887699127, -0.028542321175336838, 0.6143117547035217, 0.4382973611354828, -0.05190480127930641, 0.6525804996490479, 0.45369887351989746, -0.07184277474880219, 0.522672176361084, 0.3073681890964508, 0.011187175288796425, 0.552300751209259, 0.26048117876052856, 0.00032536048092879355, 0.5420763492584229, 0.3074680268764496, -0.003396016778424382, 0.5266275405883789, 0.33814799785614014, -0.006987723056226969, 0.4889662563800812, 0.28195637464523315, -0.0018023760057985783, 0.5197676420211792, 0.23025470972061157, -0.02466548979282379, 0.50376957654953, 0.28842899203300476, -0.036938976496458054, 0.48702824115753174, 0.3199617862701416, -0.03947028890252113, 0.4516879916191101, 0.2623566687107086, -0.01792377419769764, 0.4811958074569702, 0.2075411081314087, -0.03784981369972229, 0.46994152665138245, 0.26469385623931885, -0.042962849140167236, 0.4554241895675659, 0.2989038825035095, -0.04102432727813721, 0.4108954071998596, 0.252003014087677, -0.0361141562461853, 0.43393510580062866, 0.20128360390663147, -0.04162364453077316, 0.43227308988571167, 0.24307310581207275, -0.039551813155412674, 0.42311185598373413, 0.27292919158935547, -0.03667985275387764,i am sudheer
0.4002511203289032, 0.4305990934371948, 8.490167680008653e-09, 0.4786296784877777, 0.4353436827659607, -0.012485680170357227, 0.5483102798461914, 0.42844489216804504, -0.030940035358071327, 0.6070744395256042, 0.4350018799304962, -0.05519108474254608, 0.6466055512428284, 0.45512089133262634, -0.07611486315727234, 0.5181496739387512, 0.3007325828075409, 0.008665555156767368, 0.5498486757278442, 0.25305837392807007, -0.004454394802451134, 0.537808895111084, 0.2997693717479706, -0.008861513808369637, 0.5215793251991272, 0.32893165946006775, -0.01258111372590065, 0.4851895272731781, 0.27546051144599915, -0.004416739102452993, 0.515839159488678, 0.22402682900428772, -0.029778538271784782, 0.49676817655563354, 0.28293877840042114, -0.04166216775774956, 0.4801919460296631, 0.3113715350627899, -0.043190598487854004, 0.4486057162284851, 0.256761372089386, -0.020942211151123047, 0.4773222506046295, 0.20225167274475098, -0.043362535536289215, 0.4631062150001526, 0.2598339021205902, -0.04749052971601486, 0.4489157199859619, 0.29083165526390076, -0.04414741322398186, 0.40825915336608887, 0.2470693588256836, -0.039815403521060944, 0.4294329285621643, 0.19668392837047577, -0.04669734463095665, 0.42498159408569336, 0.23885296285152435, -0.04404911771416664, 0.4151793122291565, 0.2664063572883606, -0.04026057943701744,i am sudheer
0.374938428401947, 0.43655672669410706, 8.926980044066113e-09, 0.4556812345981598, 0.4369412660598755, -0.013096586801111698, 0.5296841263771057, 0.42071956396102905, -0.031155899167060852, 0.5923952460289001, 0.42268338799476624, -0.05495710298418999, 0.634644627571106, 0.4418935179710388, -0.07461515069007874, 0.5032685399055481, 0.2756800651550293, 0.01075274869799614, 0.5349069833755493, 0.2194490283727646, -0.00154465576633811, 0.5221872329711914, 0.2696571946144104, -0.002168930834159255, 0.5088219046592712, 0.29939812421798706, -0.003421313362196088, 0.46823590993881226, 0.2516847848892212, -0.0033961364533752203, 0.4969203770160675, 0.19481100142002106, -0.028590127825737, 0.47634926438331604, 0.26308298110961914, -0.03532661125063896, 0.46436408162117004, 0.28751087188720703, -0.03185689449310303, 0.42981410026550293, 0.2374875545501709, -0.021952038630843163, 0.4548752009868622, 0.1762041300535202, -0.046688877046108246, 0.44063451886177063, 0.24223864078521729, -0.04816417768597603, 0.43054741621017456, 0.2689250111579895, -0.041139066219329834, 0.38888677954673767, 0.23383818566799164, -0.04278787598013878, 0.4073624312877655, 0.17943046987056732, -0.050960686057806015, 0.40263649821281433, 0.22791269421577454, -0.047203898429870605, 0.39584261178970337, 0.2538816034793854, -0.04132954776287079,i am sudheer
0.3670801818370819, 0.43693098425865173, 7.656709932746253e-09, 0.4464024603366852, 0.4388009011745453, -0.016760941594839096, 0.5217568278312683, 0.422791451215744, -0.03792711719870567, 0.5872808694839478, 0.4224732518196106, -0.06420720368623734, 0.6332529187202454, 0.438659131526947, -0.08609530329704285, 0.5004443526268005, 0.2838585376739502, 0.003146030707284808, 0.5321730375289917, 0.22195154428482056, -0.011655662208795547, 0.5158570408821106, 0.27213987708091736, -0.013549261726439, 0.5012978315353394, 0.30296406149864197, -0.015512240119278431, 0.4658936560153961, 0.25668835639953613, -0.009625641629099846, 0.4922250807285309, 0.1980591118335724, -0.0373547188937664, 0.4685271382331848, 0.26415714621543884, -0.04562477394938469, 0.4590737819671631, 0.2871891260147095, -0.043377745896577835, 0.42891138792037964, 0.23999348282814026, -0.026610324159264565, 0.45255839824676514, 0.17470507323741913, -0.05276221036911011, 0.43544644117355347, 0.23670175671577454, -0.05408336594700813, 0.4269605576992035, 0.2637569010257721, -0.04735210910439491, 0.3891674876213074, 0.23479695618152618, -0.04617798700928688, 0.4062432646751404, 0.17629338800907135, -0.05442289263010025, 0.39919787645339966, 0.2215598076581955, -0.04995744302868843, 0.3922070562839508, 0.24943429231643677, -0.04389713332056999,i am sudheer
0.3556329309940338, 0.45283299684524536, 9.609735229787475e-09, 0.42913174629211426, 0.45666348934173584, -0.02567191980779171, 0.5031492710113525, 0.43853989243507385, -0.04837768152356148, 0.5662915706634521, 0.44020920991897583, -0.07370516657829285, 0.6112552881240845, 0.4586881995201111, -0.09396664798259735, 0.4914465844631195, 0.29796186089515686, -0.004616263788193464, 0.5225450396537781, 0.2426150143146515, -0.019569849595427513, 0.5015255808830261, 0.3000771403312683, -0.019144948571920395, 0.487734317779541, 0.3305312395095825, -0.01932639814913273, 0.4574130177497864, 0.2700056731700897, -0.012609302997589111, 0.48470038175582886, 0.21569368243217468, -0.03922988474369049, 0.4586564004421234, 0.2889864146709442, -0.043928056955337524, 0.4512636363506317, 0.30782487988471985, -0.03917686641216278, 0.4207717776298523, 0.25434234738349915, -0.025830140337347984, 0.4445722997188568, 0.1943405717611313, -0.053137246519327164, 0.4243004620075226, 0.26243045926094055, -0.053703710436820984, 0.4164700210094452, 0.2847805321216583, -0.045675355941057205, 0.38211590051651, 0.24876254796981812, -0.04210183769464493, 0.39968523383140564, 0.19665497541427612, -0.052389562129974365, 0.39152583479881287, 0.2446751892566681, -0.04871326684951782, 0.3852568566799164, 0.26837897300720215, -0.04239476099610329,i am sudheer
0.3542051315307617, 0.4528782367706299, 7.101157883937503e-09, 0.4276452958583832, 0.4567376971244812, -0.016408666968345642, 0.5020334720611572, 0.4414079189300537, -0.03720354661345482, 0.5660347938537598, 0.4427383542060852, -0.06238836422562599, 0.6100947260856628, 0.4623662233352661, -0.08304040133953094, 0.4872671365737915, 0.30689913034439087, -0.0020728888921439648, 0.5158135294914246, 0.24602565169334412, -0.015923602506518364, 0.49887949228286743, 0.29538464546203613, -0.014955091290175915, 0.485742449760437, 0.3270156979560852, -0.014873325824737549, 0.4531717300415039, 0.2784891724586487, -0.014560339972376823, 0.4780484437942505, 0.2217770516872406, -0.040314920246601105, 0.4539128541946411, 0.2875336706638336, -0.04396909475326538, 0.4472441077232361, 0.308729350566864, -0.03873628377914429, 0.4172676205635071, 0.2610167860984802, -0.03101157210767269, 0.44071316719055176, 0.19705086946487427, -0.05591835454106331, 0.42364296317100525, 0.2562820613384247, -0.054050594568252563, 0.4173234701156616, 0.2804553806781769, -0.04533122852444649, 0.37917274236679077, 0.2560274600982666, -0.049891822040081024, 0.3969719409942627, 0.19836319983005524, -0.05819924548268318, 0.38955527544021606, 0.24192728102207184, -0.05248970538377762, 0.38351285457611084, 0.2679567039012909, -0.045249056071043015,i am sudheer
0.33875584602355957, 0.46404895186424255, 8.973930931688301e-09, 0.41623997688293457, 0.4605107307434082, -0.017451807856559753, 0.48911622166633606, 0.4420567750930786, -0.0373532809317112, 0.5543173551559448, 0.44076216220855713, -0.061860132962465286, 0.5987748503684998, 0.4569617211818695, -0.08180075138807297, 0.4683299660682678, 0.30098527669906616, 0.003499818965792656, 0.4952368438243866, 0.243605837225914, -0.010220913216471672, 0.4768449664115906, 0.29864901304244995, -0.009936673566699028, 0.4636661112308502, 0.3290509879589081, -0.010645070113241673, 0.43276259303092957, 0.2751619219779968, -0.009420443326234818, 0.4567848742008209, 0.2163722664117813, -0.036392271518707275, 0.4318965673446655, 0.28905367851257324, -0.04206492751836777, 0.4238281846046448, 0.31200119853019714, -0.03800751641392708, 0.39377397298812866, 0.26175209879875183, -0.02713867276906967, 0.41454458236694336, 0.19713039696216583, -0.05523661896586418, 0.3987686038017273, 0.2641119658946991, -0.05771650746464729, 0.39164653420448303, 0.29184961318969727, -0.05072098225355148, 0.3529728949069977, 0.26170021295547485, -0.04711144044995308, 0.36725127696990967, 0.20756714046001434, -0.05793582648038864, 0.3640146553516388, 0.254402220249176, -0.05581942945718765, 0.36054983735084534, 0.280566543340683, -0.05076240003108978,i am sudheer
0.33340567350387573, 0.4687298536300659, 7.435805304822907e-09, 0.41032156348228455, 0.46465468406677246, -0.015338392928242683, 0.48398590087890625, 0.44305118918418884, -0.035040486603975296, 0.5489088892936707, 0.4397868514060974, -0.059739407151937485, 0.5949007868766785, 0.45611926913261414, -0.07998076826334, 0.4634472727775574, 0.30641084909439087, 0.0027576980646699667, 0.4891517460346222, 0.23852744698524475, -0.01023832242935896, 0.47491520643234253, 0.2874923050403595, -0.009578598663210869, 0.46291327476501465, 0.3228609263896942, -0.009933064691722393, 0.42711377143859863, 0.28135502338409424, -0.01040109433233738, 0.44798657298088074, 0.22047054767608643, -0.036259375512599945, 0.42626097798347473, 0.2883603870868683, -0.041605424135923386, 0.4200563430786133, 0.31446373462677, -0.03736284375190735, 0.38920021057128906, 0.267368882894516, -0.027609843760728836, 0.4082489311695099, 0.20025651156902313, -0.052820611745119095, 0.3937353789806366, 0.26041460037231445, -0.053168732672929764, 0.38918018341064453, 0.287320077419281, -0.045845407992601395, 0.35007351636886597, 0.2663259506225586, -0.047194283455610275, 0.3627946078777313, 0.2082403004169464, -0.05552428588271141, 0.3576679527759552, 0.2523103356361389, -0.050955209881067276, 0.3539637327194214, 0.2797970771789551, -0.044614944607019424,i am sudheer
0.3165315091609955, 0.48389363288879395, 9.429718339504234e-09, 0.3929016888141632, 0.4764460027217865, -0.02113502286374569, 0.4677550792694092, 0.45073646306991577, -0.04326634481549263, 0.5343260169029236, 0.4449467957019806, -0.06958695501089096, 0.5810137391090393, 0.4590624272823334, -0.09124626219272614, 0.4449441730976105, 0.30946382880210876, -0.0034916531294584274, 0.4687521457672119, 0.23968210816383362, -0.019004162400960922, 0.4508589804172516, 0.29548224806785583, -0.019090771675109863, 0.43860191106796265, 0.3315871059894562, -0.019940728321671486, 0.40567371249198914, 0.28398430347442627, -0.015573843382298946, 0.4263494312763214, 0.21815921366214752, -0.04513707384467125, 0.4026675224304199, 0.2934410870075226, -0.051739729940891266, 0.3962315618991852, 0.32168591022491455, -0.047954216599464417, 0.3643623888492584, 0.27236247062683105, -0.03241269290447235, 0.38152313232421875, 0.20268726348876953, -0.06129835918545723, 0.3676624894142151, 0.2683091163635254, -0.06430733948945999, 0.362476110458374, 0.29976508021354675, -0.057886406779289246, 0.32175779342651367, 0.2752377986907959, -0.05190913379192352, 0.332133948802948, 0.21871712803840637, -0.06274858862161636, 0.32992810010910034, 0.26353952288627625, -0.06097741797566414, 0.32862719893455505, 0.2917843163013458, -0.05635293200612068,i am sudheer
0.30658724904060364, 0.49235862493515015, 7.503787813334384e-09, 0.38870152831077576, 0.48050373792648315, -0.017153169959783554, 0.46259865164756775, 0.4570384919643402, -0.03931381180882454, 0.5321863293647766, 0.45066800713539124, -0.06660650670528412, 0.5801825523376465, 0.46463778614997864, -0.08864068984985352, 0.43855273723602295, 0.3104383945465088, 0.0020924678537994623, 0.46536725759506226, 0.24091845750808716, -0.012881779111921787, 0.44887587428092957, 0.29796266555786133, -0.012776536867022514, 0.43506380915641785, 0.3312145173549652, -0.013911750167608261, 0.39999136328697205, 0.2864622473716736, -0.01246570236980915, 0.42101195454597473, 0.22674348950386047, -0.041113775223493576, 0.3986293375492096, 0.304829478263855, -0.04677816480398178, 0.39290085434913635, 0.32488781213760376, -0.042465630918741226, 0.3592332601547241, 0.2755274176597595, -0.0317004956305027, 0.37847691774368286, 0.20594057440757751, -0.06077958643436432, 0.3667892515659332, 0.27404385805130005, -0.062288641929626465, 0.36204805970191956, 0.29887691140174866, -0.05473697558045387, 0.31815701723098755, 0.27974915504455566, -0.05322938412427902, 0.33066245913505554, 0.218622088432312, -0.06322304904460907, 0.330342173576355, 0.2658233642578125, -0.05968692898750305, 0.32737231254577637, 0.292363703250885, -0.0538557730615139,i am sudheer
0.30211395025253296, 0.4915931820869446, 7.858234951640952e-09, 0.3849504888057709, 0.4808123707771301, -0.014114214107394218, 0.45969879627227783, 0.45830151438713074, -0.035412758588790894, 0.5284662246704102, 0.452342689037323, -0.06202489510178566, 0.5750508308410645, 0.46442073583602905, -0.08295831829309464, 0.43662935495376587, 0.30983099341392517, 0.0035025940742343664, 0.46185430884361267, 0.23875227570533752, -0.009826953522861004, 0.4452795088291168, 0.29907113313674927, -0.006925275549292564, 0.43205544352531433, 0.333328515291214, -0.006233145948499441, 0.3963611125946045, 0.28510168194770813, -0.012161234393715858, 0.4174446165561676, 0.2274521142244339, -0.03926967456936836, 0.39513543248176575, 0.3103550672531128, -0.04060719162225723, 0.3890022337436676, 0.3285888433456421, -0.03288859874010086, 0.3547779321670532, 0.27361905574798584, -0.032202765345573425, 0.374601274728775, 0.20746076107025146, -0.059650927782058716, 0.3618265986442566, 0.28160613775253296, -0.056308913975954056, 0.3565196990966797, 0.3035306930541992, -0.045346252620220184, 0.3133176565170288, 0.2764635384082794, -0.05439561605453491, 0.327563613653183, 0.21963858604431152, -0.06253542006015778, 0.3254634439945221, 0.2718728482723236, -0.05573301017284393, 0.3207215666770935, 0.29618945717811584, -0.04730196297168732,i am sudheer
0.2940877079963684, 0.5048176050186157, 8.726307676454326e-09, 0.3771035373210907, 0.4914586544036865, -0.015563863329589367, 0.4538875222206116, 0.466261625289917, -0.03792954608798027, 0.5253357291221619, 0.4614846408367157, -0.06590944528579712, 0.5741732716560364, 0.48004478216171265, -0.08897970616817474, 0.4280978739261627, 0.32015544176101685, -0.0001673047081567347, 0.4564976096153259, 0.24945439398288727, -0.01665434241294861, 0.4391329884529114, 0.30594101548194885, -0.016961468383669853, 0.42222166061401367, 0.3433753252029419, -0.018246229737997055, 0.3880206346511841, 0.29479068517684937, -0.016237787902355194, 0.4100845158100128, 0.2315821349620819, -0.04773393273353577, 0.3863503932952881, 0.3117217421531677, -0.05436212196946144, 0.37817609310150146, 0.33917236328125, -0.05021956190466881, 0.34525978565216064, 0.2831869125366211, -0.03657582774758339, 0.36542391777038574, 0.21089591085910797, -0.06783454120159149, 0.3527188301086426, 0.2805464267730713, -0.07055965065956116, 0.34608790278434753, 0.3117578625679016, -0.06346099078655243, 0.3011087477207184, 0.28750482201576233, -0.05897724628448486, 0.3141377568244934, 0.22932317852973938, -0.0701712816953659, 0.31330084800720215, 0.27744171023368835, -0.06737229228019714, 0.31009507179260254, 0.3063138723373413, -0.062039248645305634,i am sudheer
0.2919171452522278, 0.5034534931182861, 8.128398398810077e-09, 0.3770056366920471, 0.49085500836372375, -0.014732240699231625, 0.4534623920917511, 0.46676433086395264, -0.03652148321270943, 0.5244538187980652, 0.46166059374809265, -0.0639074519276619, 0.5725356936454773, 0.4798588156700134, -0.08575525879859924, 0.426927387714386, 0.31887930631637573, 0.0051332078874111176, 0.45270657539367676, 0.2524387836456299, -0.009409314021468163, 0.4343804717063904, 0.31365111470222473, -0.008749529719352722, 0.42093345522880554, 0.34388312697410583, -0.0096964156255126, 0.3868621289730072, 0.2939455211162567, -0.010996920056641102, 0.4078439474105835, 0.23510779440402985, -0.039156753569841385, 0.3844505846500397, 0.3165716826915741, -0.04323781654238701, 0.378437876701355, 0.3332462012767792, -0.0377897284924984, 0.34458938241004944, 0.2820967137813568, -0.03168608620762825, 0.36423230171203613, 0.2123778760433197, -0.06017233803868294, 0.35078027844429016, 0.2856293320655823, -0.059044014662504196, 0.3452012538909912, 0.3082839846611023, -0.049654386937618256, 0.30208396911621094, 0.2851054072380066, -0.05459202080965042, 0.3160451054573059, 0.22276818752288818, -0.06349138170480728, 0.3135727643966675, 0.2745937705039978, -0.05778607726097107, 0.30815011262893677, 0.3008575439453125, -0.05039982497692108,i am sudheer
0.30858731269836426, 0.5126410126686096, 8.531682027523857e-09, 0.3916919529438019, 0.49812382459640503, -0.008564481511712074, 0.46421611309051514, 0.47342565655708313, -0.026859136298298836, 0.5311077833175659, 0.4718536138534546, -0.05261995643377304, 0.5780556797981262, 0.4963436722755432, -0.07379186153411865, 0.4316680133342743, 0.32311785221099854, 0.017311448231339455, 0.45943331718444824, 0.26361072063446045, 0.004413911607116461, 0.44935858249664307, 0.31965869665145874, 0.0034589015413075686, 0.43616774678230286, 0.348646879196167, 0.0016745368484407663, 0.3952351212501526, 0.30179551243782043, -0.0010759688448160887, 0.4180079698562622, 0.24549974501132965, -0.025776727125048637, 0.3995499014854431, 0.3241015374660492, -0.030808238312602043, 0.3899197280406952, 0.3442493677139282, -0.02639200910925865, 0.3559061288833618, 0.29184892773628235, -0.024214157834649086, 0.3785938024520874, 0.22516700625419617, -0.05005895718932152, 0.36773109436035156, 0.29678213596343994, -0.05011243745684624, 0.3584159314632416, 0.32081303000450134, -0.042030662298202515, 0.3155653476715088, 0.2951096296310425, -0.04952564090490341, 0.33065706491470337, 0.2355647087097168, -0.057651128619909286, 0.3300183117389679, 0.2862326502799988, -0.05246996134519577, 0.3223190903663635, 0.312303751707077, -0.04564801976084709,i am sudheer
0.30762040615081787, 0.5108233690261841, 7.899042309134074e-09, 0.3893353343009949, 0.5005059242248535, -0.012633279897272587, 0.4635758399963379, 0.47495037317276, -0.03228797763586044, 0.5315647125244141, 0.4717249274253845, -0.05821537226438522, 0.5791178941726685, 0.4954940378665924, -0.07906237989664078, 0.43574845790863037, 0.33604663610458374, 0.010772611014544964, 0.4623047411441803, 0.27442994713783264, -0.0031625921837985516, 0.45099395513534546, 0.3304029107093811, -0.0036627475637942553, 0.43961986899375916, 0.3596267104148865, -0.0049427589401602745, 0.3989056348800659, 0.31194204092025757, -0.005120934918522835, 0.4212736189365387, 0.25494441390037537, -0.03153875097632408, 0.4022182822227478, 0.331525593996048, -0.03623358532786369, 0.39567455649375916, 0.3486093580722809, -0.031130468472838402, 0.3600502908229828, 0.2984129786491394, -0.025694524869322777, 0.3809024691581726, 0.2315899133682251, -0.05180784687399864, 0.3700699806213379, 0.3009091019630432, -0.050580017268657684, 0.36376622319221497, 0.3238064646720886, -0.04143892973661423, 0.3200797140598297, 0.298048198223114, -0.048648007214069366, 0.334490567445755, 0.23639848828315735, -0.05595557764172554, 0.3332430124282837, 0.28549742698669434, -0.049839816987514496, 0.3275696039199829, 0.31188979744911194, -0.042322203516960144,i am sudheer
0.3115140199661255, 0.5097707509994507, 8.062261969143947e-09, 0.3925662338733673, 0.5003076791763306, -0.011543666943907738, 0.4659349322319031, 0.47592228651046753, -0.030378058552742004, 0.533201277256012, 0.47440090775489807, -0.055484529584646225, 0.5816924571990967, 0.4984808564186096, -0.07563449442386627, 0.43773311376571655, 0.3349316418170929, 0.013236524537205696, 0.4641151428222656, 0.27433836460113525, 0.0004870617121923715, 0.4533807933330536, 0.3291294276714325, 0.0007272097282111645, 0.442727655172348, 0.35784295201301575, -0.0001016742317005992, 0.4007438123226166, 0.3115329146385193, -0.0028193783946335316, 0.4235245883464813, 0.25626707077026367, -0.027403997257351875, 0.40458983182907104, 0.3321383595466614, -0.03120782971382141, 0.3983731269836426, 0.34941405057907104, -0.025633230805397034, 0.3621620237827301, 0.29901161789894104, -0.023663794621825218, 0.38317883014678955, 0.23311352729797363, -0.04899364337325096, 0.3722390830516815, 0.30204105377197266, -0.047612931579351425, 0.3664165437221527, 0.3243304491043091, -0.03832736238837242, 0.3232119083404541, 0.2996821999549866, -0.046761590987443924, 0.33684930205345154, 0.24035285413265228, -0.054299864917993546, 0.33538979291915894, 0.29002147912979126, -0.048290278762578964, 0.330301433801651, 0.3156339228153229, -0.04061126336455345,i am sudheer
0.30937445163726807, 0.5120558142662048, 8.32869861966401e-09, 0.3912268579006195, 0.501780092716217, -0.009760679677128792, 0.4640827178955078, 0.4782656133174896, -0.027213649824261665, 0.5308770537376404, 0.4758579134941101, -0.051410019397735596, 0.5773879289627075, 0.4985852837562561, -0.0707160085439682, 0.4371855854988098, 0.33733394742012024, 0.017950884997844696, 0.4642566740512848, 0.2753036618232727, 0.006472669076174498, 0.4535311162471771, 0.32735928893089294, 0.006558920722454786, 0.44186052680015564, 0.355270117521286, 0.00544055737555027, 0.40153932571411133, 0.3148408830165863, 0.0015138001181185246, 0.42348015308380127, 0.25798094272613525, -0.022484032437205315, 0.4036547541618347, 0.3318063020706177, -0.0275169275701046, 0.39654240012168884, 0.3496536910533905, -0.022802216932177544, 0.36340487003326416, 0.3021708130836487, -0.019638266414403915, 0.3836328685283661, 0.2355668693780899, -0.044636424630880356, 0.3718598484992981, 0.30392754077911377, -0.044485971331596375, 0.3656660318374634, 0.3267633020877838, -0.036003366112709045, 0.32427000999450684, 0.30222293734550476, -0.042911749333143234, 0.33900898694992065, 0.24045127630233765, -0.050363440066576004, 0.3368914723396301, 0.2896280586719513, -0.04505888745188713, 0.33104264736175537, 0.3160029649734497, -0.03796207159757614,i am sudheer
0.3075903058052063, 0.5155494213104248, 8.520909311471314e-09, 0.39030587673187256, 0.5058372020721436, -0.011237997561693192, 0.4630916118621826, 0.48139771819114685, -0.030029794201254845, 0.5295258164405823, 0.47709593176841736, -0.0548987053334713, 0.5763458609580994, 0.5003158450126648, -0.0745106190443039, 0.43846267461776733, 0.3413870930671692, 0.01200186274945736, 0.4666321873664856, 0.2814198136329651, -0.0008321969653479755, 0.4518640637397766, 0.3399425148963928, 0.0006150775589048862, 0.43900352716445923, 0.36674946546554565, 0.0004626345762517303, 0.40137308835983276, 0.3175842761993408, -0.004393529146909714, 0.42494139075279236, 0.2620311379432678, -0.030434273183345795, 0.4032120704650879, 0.34135112166404724, -0.03306951746344566, 0.3958272635936737, 0.3552868962287903, -0.02620796300470829, 0.3622591495513916, 0.30481603741645813, -0.02541876584291458, 0.3845389783382416, 0.23879727721214294, -0.05302084982395172, 0.3710690140724182, 0.31236425042152405, -0.05088207498192787, 0.36341172456741333, 0.33184128999710083, -0.04026148468255997, 0.32185375690460205, 0.3044044077396393, -0.04835863411426544, 0.3393261432647705, 0.24393336474895477, -0.057471103966236115, 0.33604228496551514, 0.29672518372535706, -0.0512690544128418, 0.3279573321342468, 0.3210979700088501, -0.04301106557250023,i am sudheer
0.3093293309211731, 0.5171244740486145, 8.504795978581114e-09, 0.39142516255378723, 0.506851077079773, -0.009493301622569561, 0.4641767740249634, 0.4839903712272644, -0.027787312865257263, 0.5305901765823364, 0.48117703199386597, -0.05257014185190201, 0.5781128406524658, 0.5055447220802307, -0.07214312255382538, 0.43672776222229004, 0.34352558851242065, 0.013905134983360767, 0.4659631550312042, 0.28250375390052795, 0.0017130261985585093, 0.4538031816482544, 0.3384906053543091, 0.003441112581640482, 0.44144174456596375, 0.3667933940887451, 0.0035753983538597822, 0.3999723792076111, 0.31929346919059753, -0.0029744307976216078, 0.4249522089958191, 0.2636486291885376, -0.02786985971033573, 0.40408754348754883, 0.34050267934799194, -0.03031279519200325, 0.3960668444633484, 0.3552708923816681, -0.023451341316103935, 0.36139926314353943, 0.3060150146484375, -0.024432223290205002, 0.38442423939704895, 0.2397868037223816, -0.050919413566589355, 0.37247344851493835, 0.3096165359020233, -0.04927811026573181, 0.3644036650657654, 0.3300386071205139, -0.03909565508365631, 0.3212123215198517, 0.3056827783584595, -0.047678448259830475, 0.3370395302772522, 0.24520519375801086, -0.056127484887838364, 0.33570244908332825, 0.2946985065937042, -0.0503612756729126, 0.32897669076919556, 0.31880903244018555, -0.04245918616652489,i am sudheer
0.306209921836853, 0.5196254253387451, 8.919587735078949e-09, 0.39082130789756775, 0.5083850026130676, -0.00898008793592453, 0.46340587735176086, 0.48510220646858215, -0.026622191071510315, 0.5297932624816895, 0.4820769727230072, -0.05091476812958717, 0.5780144929885864, 0.5053165555000305, -0.06981881707906723, 0.435955673456192, 0.3435644209384918, 0.01669752225279808, 0.4650594890117645, 0.2817368507385254, 0.00488165020942688, 0.45338472723960876, 0.3390597701072693, 0.007005463819950819, 0.44152116775512695, 0.3666001260280609, 0.007395644206553698, 0.39923062920570374, 0.32060950994491577, -0.0003437951672822237, 0.42391347885131836, 0.265902578830719, -0.024676978588104248, 0.40351176261901855, 0.3461005687713623, -0.026124922558665276, 0.39556604623794556, 0.358829140663147, -0.018330415710806847, 0.36035609245300293, 0.3077451288700104, -0.022201718762516975, 0.3839300870895386, 0.24336567521095276, -0.0484946109354496, 0.37171968817710876, 0.3163636028766632, -0.04578367620706558, 0.3632284700870514, 0.3336409628391266, -0.034671708941459656, 0.32013651728630066, 0.3069259524345398, -0.045900650322437286, 0.33731940388679504, 0.2479368895292282, -0.05405711755156517, 0.3356022536754608, 0.29997143149375916, -0.047513850033283234, 0.32757240533828735, 0.32244354486465454, -0.03888293355703354,i am sudheer
0.30724871158599854, 0.518897533416748, 8.76011974071389e-09, 0.3902934491634369, 0.5072699189186096, -0.0075898547656834126, 0.4639992415904999, 0.48369109630584717, -0.023767471313476562, 0.5310893058776855, 0.4799542725086212, -0.04696843400597572, 0.5790591835975647, 0.49992838501930237, -0.06517712026834488, 0.43513286113739014, 0.3436387777328491, 0.021298710256814957, 0.4635779857635498, 0.2828511893749237, 0.010515623725950718, 0.45296236872673035, 0.33645787835121155, 0.011935141868889332, 0.4415373206138611, 0.3653814494609833, 0.011879964731633663, 0.39889997243881226, 0.32110798358917236, 0.004030933603644371, 0.4233357012271881, 0.2642383575439453, -0.019564561545848846, 0.4034425914287567, 0.34029340744018555, -0.02311469241976738, 0.3960970342159271, 0.3582182824611664, -0.016902800649404526, 0.3605273962020874, 0.30841919779777527, -0.018051698803901672, 0.3827027976512909, 0.24100255966186523, -0.04346539452672005, 0.3712196350097656, 0.3105803430080414, -0.04252636432647705, 0.3643594980239868, 0.333407461643219, -0.03287087380886078, 0.32088571786880493, 0.3080696761608124, -0.04195696860551834, 0.3360426127910614, 0.24714285135269165, -0.049856461584568024, 0.33492860198020935, 0.29713624715805054, -0.044290829449892044, 0.32939332723617554, 0.3227553963661194, -0.03652086853981018,i am sudheer
0.3120686411857605, 0.5174098014831543, 8.396758843787211e-09, 0.3942038118839264, 0.5046956539154053, -0.009821515530347824, 0.4657057821750641, 0.481416791677475, -0.026568567380309105, 0.532017171382904, 0.47776615619659424, -0.04982982575893402, 0.5806748867034912, 0.4960230886936188, -0.06777459383010864, 0.43793386220932007, 0.340572714805603, 0.021465159952640533, 0.4650725722312927, 0.2789355218410492, 0.010951779782772064, 0.4563658833503723, 0.3319007456302643, 0.012530067935585976, 0.4461163282394409, 0.3611857295036316, 0.012652944773435593, 0.40132808685302734, 0.31865084171295166, 0.005679181311279535, 0.4259517788887024, 0.263624906539917, -0.01787519082427025, 0.4071694612503052, 0.33953213691711426, -0.0213881004601717, 0.4000098705291748, 0.35532131791114807, -0.01475176215171814, 0.36331552267074585, 0.305794358253479, -0.015219212509691715, 0.3858487010002136, 0.24112381041049957, -0.04075988009572029, 0.3743176758289337, 0.31078973412513733, -0.039644598960876465, 0.3666963577270508, 0.33115801215171814, -0.029409023001790047, 0.32400834560394287, 0.30441516637802124, -0.038087114691734314, 0.3391650319099426, 0.24395577609539032, -0.04591801017522812, 0.3378026485443115, 0.2935595214366913, -0.04018139839172363, 0.33120197057724, 0.3176513910293579, -0.03193490952253342,i am sudheer
0.3089197874069214, 0.5147430300712585, 8.030909270928532e-09, 0.39132291078567505, 0.5048205852508545, -0.01045157015323639, 0.46511730551719666, 0.4810238182544708, -0.02786462940275669, 0.5326859354972839, 0.47802460193634033, -0.05155126005411148, 0.5811120271682739, 0.5005674362182617, -0.06984695792198181, 0.43971243500709534, 0.34217599034309387, 0.016770552843809128, 0.46563398838043213, 0.2778487205505371, 0.00598006509244442, 0.45369642972946167, 0.3340798318386078, 0.008073619566857815, 0.44314610958099365, 0.3637015223503113, 0.00830951426178217, 0.4024067223072052, 0.3187107741832733, 0.0008197937859222293, 0.4251379668712616, 0.2616964280605316, -0.022755000740289688, 0.40502360463142395, 0.3391296863555908, -0.02553640305995941, 0.3987652361392975, 0.35519352555274963, -0.0189108457416296, 0.36350879073143005, 0.3053308129310608, -0.01990348845720291, 0.38420918583869934, 0.23913468420505524, -0.044880956411361694, 0.37243616580963135, 0.30950799584388733, -0.043142132461071014, 0.36631008982658386, 0.3308947682380676, -0.033145722001791, 0.32380232214927673, 0.3046663701534271, -0.04264227673411369, 0.33863407373428345, 0.24352756142616272, -0.04986749589443207, 0.3369270861148834, 0.2942486107349396, -0.043734896928071976, 0.33114272356033325, 0.32015955448150635, -0.03570141643285751,i am sudheer
0.309312105178833, 0.5164047479629517, 8.515667282438244e-09, 0.3920234143733978, 0.5050455331802368, -0.009197172708809376, 0.4640900492668152, 0.4810967445373535, -0.026370691135525703, 0.5306356549263, 0.4762866199016571, -0.05033707991242409, 0.579651951789856, 0.49623000621795654, -0.06917372345924377, 0.4375976324081421, 0.34107059240341187, 0.019274607300758362, 0.46609848737716675, 0.27849459648132324, 0.007802740205079317, 0.45569437742233276, 0.33127349615097046, 0.009180383756756783, 0.4439953863620758, 0.3593834936618805, 0.009140406735241413, 0.40127941966056824, 0.31827184557914734, 0.002417242154479027, 0.42564207315444946, 0.2613998055458069, -0.021638846024870872, 0.40553560853004456, 0.3375032842159271, -0.024804919958114624, 0.3981744349002838, 0.3535236120223999, -0.01815931871533394, 0.36289793252944946, 0.30549970269203186, -0.01946134679019451, 0.38554972410202026, 0.23854316771030426, -0.04545960947871208, 0.37415820360183716, 0.30793529748916626, -0.04434080794453621, 0.367138147354126, 0.3286081552505493, -0.03435342386364937, 0.3233400881290436, 0.30520087480545044, -0.04327062889933586, 0.33895808458328247, 0.24538613855838776, -0.05151107534766197, 0.33828863501548767, 0.2947045862674713, -0.04595616087317467, 0.3325766623020172, 0.3187136650085449, -0.0380374938249588,i am sudheer
0.3118477165699005, 0.5147205591201782, 8.265253370609571e-09, 0.393859326839447, 0.5024349689483643, -0.009997810237109661, 0.4665255546569824, 0.4795258045196533, -0.02836688794195652, 0.5325377583503723, 0.4750479459762573, -0.05303298309445381, 0.5798837542533875, 0.49314817786216736, -0.0725957378745079, 0.438358336687088, 0.34169188141822815, 0.01331099309027195, 0.4661007225513458, 0.2776499092578888, 0.0008161573787219822, 0.4558296203613281, 0.33031517267227173, 0.002289877040311694, 0.4444068968296051, 0.3609241545200348, 0.0025493663270026445, 0.40099120140075684, 0.3190043568611145, -0.0030193282291293144, 0.42469874024391174, 0.2606564164161682, -0.02869904413819313, 0.40524041652679443, 0.33594080805778503, -0.03167979046702385, 0.39803773164749146, 0.35438063740730286, -0.024730259552598, 0.36257898807525635, 0.3065134882926941, -0.02391592599451542, 0.3842236399650574, 0.23858843743801117, -0.0506267324090004, 0.37301355600357056, 0.306454062461853, -0.04895123839378357, 0.3663279414176941, 0.32858049869537354, -0.03862326219677925, 0.3228875994682312, 0.30666106939315796, -0.046653881669044495, 0.33788079023361206, 0.24478185176849365, -0.05512841418385506, 0.3365575969219208, 0.2932034134864807, -0.049170661717653275, 0.33080971240997314, 0.31846553087234497, -0.04098494350910187,i am sudheer
0.3183303475379944, 0.515951931476593, 8.00701638326018e-09, 0.39808401465415955, 0.5065730214118958, -0.010300543159246445, 0.47194358706474304, 0.47980207204818726, -0.029850773513317108, 0.5373494625091553, 0.47501885890960693, -0.055995676666498184, 0.585014283657074, 0.49531349539756775, -0.07729120552539825, 0.4450919032096863, 0.34157925844192505, 0.009720978327095509, 0.47071629762649536, 0.28328216075897217, -0.005001842975616455, 0.45855408906936646, 0.3395310938358307, -0.004945337772369385, 0.44756606221199036, 0.3674827218055725, -0.005587222520262003, 0.408078134059906, 0.3187607526779175, -0.0077780731953680515, 0.430261492729187, 0.26468032598495483, -0.03416167572140694, 0.4107889235019684, 0.3420040011405945, -0.03664012253284454, 0.4042864143848419, 0.3579821288585663, -0.029924603179097176, 0.36909815669059753, 0.3065050542354584, -0.029917197301983833, 0.389994740486145, 0.2418999969959259, -0.05652559921145439, 0.3782009184360504, 0.31231966614723206, -0.05267978832125664, 0.37158751487731934, 0.3338162899017334, -0.041616637259721756, 0.3285369873046875, 0.305885374546051, -0.054253630340099335, 0.3432410955429077, 0.24737510085105896, -0.06262700259685516, 0.34095650911331177, 0.29802876710891724, -0.05512627586722374, 0.33507949113845825, 0.322327584028244, -0.046187885105609894,i am sudheer
0.31500449776649475, 0.5147944092750549, 8.071538992737715e-09, 0.3971507251262665, 0.505872368812561, -0.015183460898697376, 0.4694879353046417, 0.48321616649627686, -0.03456902503967285, 0.5350332260131836, 0.4768891930580139, -0.058834291994571686, 0.5825439691543579, 0.49244797229766846, -0.07743270695209503, 0.4450758993625641, 0.3413547873497009, 0.010137928649783134, 0.47107067704200745, 0.28377702832221985, -0.002932396251708269, 0.4559324085712433, 0.34230607748031616, -0.0013448731042444706, 0.44541606307029724, 0.3662078082561493, -0.001232264214195311, 0.40696606040000916, 0.31774619221687317, -0.003828790970146656, 0.42905697226524353, 0.2642463147640228, -0.02939794771373272, 0.40795618295669556, 0.3442962169647217, -0.0309204813092947, 0.403252512216568, 0.3541397452354431, -0.02324160560965538, 0.36779436469078064, 0.30521079897880554, -0.023068366572260857, 0.38776689767837524, 0.241080641746521, -0.05114148184657097, 0.375166118144989, 0.31452634930610657, -0.04847745597362518, 0.36980289220809937, 0.331185907125473, -0.037175439298152924, 0.3284282386302948, 0.3044549524784088, -0.04453129693865776, 0.3416929543018341, 0.2473212480545044, -0.0541137158870697, 0.3392569124698639, 0.30004438757896423, -0.04811222478747368, 0.3336947560310364, 0.3224675953388214, -0.03962920606136322,i am sudheer
0.31356412172317505, 0.5197868347167969, 8.039219956401666e-09, 0.3963630497455597, 0.509279727935791, -0.012538932263851166, 0.47161543369293213, 0.48317986726760864, -0.032083909958601, 0.5400046110153198, 0.47584155201911926, -0.05733470618724823, 0.5900472402572632, 0.4921110272407532, -0.0771527886390686, 0.44497761130332947, 0.342363178730011, 0.010249674320220947, 0.4722655415534973, 0.2826023995876312, -0.0029504825361073017, 0.4570190906524658, 0.34155404567718506, -0.0010361034655943513, 0.4453884959220886, 0.36722877621650696, -0.0007807319052517414, 0.40659549832344055, 0.3185606300830841, -0.005658398382365704, 0.4304238259792328, 0.2638939917087555, -0.031881485134363174, 0.40916356444358826, 0.3440169095993042, -0.03333188593387604, 0.4033667743206024, 0.35563623905181885, -0.02548118866980076, 0.3671584129333496, 0.30615711212158203, -0.0264469962567091, 0.3892240822315216, 0.24047784507274628, -0.05452219769358635, 0.3769213557243347, 0.313493937253952, -0.051094189286231995, 0.3701772391796112, 0.33157944679260254, -0.03929300233721733, 0.3272361755371094, 0.30591660737991333, -0.049232445657253265, 0.34251540899276733, 0.2461460679769516, -0.05845543369650841, 0.3403239846229553, 0.298701673746109, -0.05161943659186363, 0.3337823450565338, 0.32165342569351196, -0.04259723797440529,i am sudheer
0.3057379126548767, 0.5169484615325928, 7.75546826758955e-09, 0.3928859233856201, 0.5029379725456238, -0.006599620450288057, 0.468961238861084, 0.47955307364463806, -0.023532185703516006, 0.5393143892288208, 0.472864031791687, -0.048343315720558167, 0.5893405079841614, 0.4873908758163452, -0.06819137930870056, 0.4404550790786743, 0.3300316631793976, 0.021319499239325523, 0.46934986114501953, 0.26362866163253784, 0.009358815848827362, 0.45811957120895386, 0.315421462059021, 0.01059677917510271, 0.44539675116539, 0.3492004871368408, 0.010194895789027214, 0.400462806224823, 0.3060213029384613, 0.0016110972501337528, 0.4253993034362793, 0.2439613789319992, -0.0261167511343956, 0.40350106358528137, 0.32525742053985596, -0.031131627038121223, 0.3950750231742859, 0.3495476245880127, -0.024748168885707855, 0.35826653242111206, 0.29361575841903687, -0.02294089086353779, 0.37999773025512695, 0.2227718085050583, -0.0517958328127861, 0.369364470243454, 0.29614055156707764, -0.05282094329595566, 0.3626691997051239, 0.3240668475627899, -0.0436633937060833, 0.31467288732528687, 0.29574304819107056, -0.04905838146805763, 0.3290879726409912, 0.2350672036409378, -0.05873265862464905, 0.3298034965991974, 0.2874395251274109, -0.05469243973493576, 0.32652267813682556, 0.31440383195877075, -0.047764163464307785,i am sudheer
0.2997712194919586, 0.5171661376953125, 9.014397228668258e-09, 0.38969919085502625, 0.5027347803115845, -0.010000985115766525, 0.46635472774505615, 0.4784868657588959, -0.029157420620322227, 0.5371995568275452, 0.47026947140693665, -0.05520661547780037, 0.586279034614563, 0.48377591371536255, -0.07573098689317703, 0.4374220371246338, 0.3260691463947296, 0.016411175951361656, 0.46604183316230774, 0.25934529304504395, 0.003110504476353526, 0.4529268741607666, 0.3173135221004486, 0.004549406003206968, 0.4410126507282257, 0.34654659032821655, 0.004377965349704027, 0.39739730954170227, 0.302383154630661, -0.001997656188905239, 0.42190057039260864, 0.24220013618469238, -0.029089026153087616, 0.4007340967655182, 0.3264148533344269, -0.03174528479576111, 0.39413586258888245, 0.3425235450267792, -0.024271288886666298, 0.3549553453922272, 0.2905561327934265, -0.025541113689541817, 0.3779979944229126, 0.21837739646434784, -0.054849620908498764, 0.36653441190719604, 0.2947496473789215, -0.05280330404639244, 0.36012542247772217, 0.31599584221839905, -0.04167787730693817, 0.3117803633213043, 0.2925570607185364, -0.051002390682697296, 0.3278874456882477, 0.2290973663330078, -0.06064075976610184, 0.3267548382282257, 0.28405964374542236, -0.054245591163635254, 0.32047247886657715, 0.3092193305492401, -0.04558747634291649,i am sudheer
0.28948336839675903, 0.5210161805152893, 8.134962037331661e-09, 0.38336026668548584, 0.5057724118232727, -0.011645562946796417, 0.4653320908546448, 0.47724974155426025, -0.031483009457588196, 0.5415146946907043, 0.46442002058029175, -0.05855222046375275, 0.5960656404495239, 0.47455084323883057, -0.07979732006788254, 0.4363608658313751, 0.3195600211620331, 0.01769637130200863, 0.4640915095806122, 0.24620850384235382, 0.003903557313606143, 0.4504806697368622, 0.30626431107521057, 0.0063364445231854916, 0.4390854835510254, 0.3410350978374481, 0.0067032016813755035, 0.3917926549911499, 0.29331299662590027, -0.0014844852266833186, 0.4162832200527191, 0.22616110742092133, -0.03223472088575363, 0.39337995648384094, 0.3168395161628723, -0.03595951944589615, 0.3874761164188385, 0.33721041679382324, -0.027716251090168953, 0.3454611301422119, 0.2801334857940674, -0.026415910571813583, 0.3671499788761139, 0.20258037745952606, -0.059961218386888504, 0.3557688593864441, 0.2827789783477783, -0.0603531189262867, 0.34954431653022766, 0.3082452118396759, -0.049182191491127014, 0.29813820123672485, 0.28250807523727417, -0.053109802305698395, 0.31235945224761963, 0.21444116532802582, -0.06529585272073746, 0.31294962763786316, 0.27141013741493225, -0.0609855055809021, 0.30908873677253723, 0.29893702268600464, -0.05302778631448746,i am sudheer
0.28738248348236084, 0.5247136354446411, 8.956806851756483e-09, 0.3806259036064148, 0.5093591213226318, -0.014059418812394142, 0.46541929244995117, 0.4761906862258911, -0.0359242744743824, 0.5420131087303162, 0.462057888507843, -0.06431754678487778, 0.5949079394340515, 0.4719369113445282, -0.08647505939006805, 0.4352811276912689, 0.31466254591941833, 0.01255742833018303, 0.46132969856262207, 0.24042908847332, -0.0029274022672325373, 0.4449978768825531, 0.3099703788757324, -0.0007188293966464698, 0.434533953666687, 0.3435792028903961, -0.0002735566522460431, 0.3911747336387634, 0.28953656554222107, -0.00617198646068573, 0.4141222834587097, 0.22332802414894104, -0.03696238994598389, 0.3910787105560303, 0.3175573945045471, -0.03910333663225174, 0.386318176984787, 0.3343520760536194, -0.030135881155729294, 0.3449086546897888, 0.2772781252861023, -0.03060072846710682, 0.36628177762031555, 0.19829590618610382, -0.06366134434938431, 0.35276052355766296, 0.28312623500823975, -0.05968566611409187, 0.3475149869918823, 0.30591097474098206, -0.04607439041137695, 0.2986745834350586, 0.2790489196777344, -0.0573539212346077, 0.3141646683216095, 0.20711928606033325, -0.06898440420627594, 0.3110978603363037, 0.2691642642021179, -0.061009980738162994, 0.30488121509552, 0.2980916500091553, -0.05042293295264244,i am sudheer
0.29880237579345703, 0.5230276584625244, 8.354213321126736e-09, 0.3939698040485382, 0.5097143054008484, -0.013459207490086555, 0.47734519839286804, 0.47799578309059143, -0.03449467569589615, 0.552371621131897, 0.46542131900787354, -0.06294143944978714, 0.6053187847137451, 0.47843265533447266, -0.0854109600186348, 0.4423658847808838, 0.3147440254688263, 0.019135963171720505, 0.46900033950805664, 0.24405363202095032, 0.00372627517208457, 0.4565628468990326, 0.30961260199546814, 0.003959357738494873, 0.4465633034706116, 0.34356486797332764, 0.00323649775236845, 0.3988853991031647, 0.2895374596118927, 8.506996891810559e-06, 0.4227067232131958, 0.22332218289375305, -0.030063187703490257, 0.4020101726055145, 0.31464576721191406, -0.03473691642284393, 0.39666956663131714, 0.3342699408531189, -0.027737371623516083, 0.3529655933380127, 0.2758316993713379, -0.02538144402205944, 0.37547290325164795, 0.1952933818101883, -0.057581331580877304, 0.3639795482158661, 0.2779706120491028, -0.056141242384910583, 0.35729435086250305, 0.3060489892959595, -0.04441593959927559, 0.306060791015625, 0.27559149265289307, -0.053307242691516876, 0.318986177444458, 0.202998548746109, -0.064203180372715, 0.3183686137199402, 0.2614695429801941, -0.05783398821949959, 0.31315430998802185, 0.29167360067367554, -0.04871850833296776,i am sudheer
0.29844966530799866, 0.5268083214759827, 9.731076389130067e-09, 0.39508602023124695, 0.5097862482070923, -0.012962624430656433, 0.47947850823402405, 0.47634434700012207, -0.03439215198159218, 0.55682772397995, 0.46757906675338745, -0.06330502778291702, 0.6105778217315674, 0.4887353777885437, -0.08613315969705582, 0.4438740611076355, 0.3120674788951874, 0.017991889268159866, 0.4711264669895172, 0.24250729382038116, 0.002205637516453862, 0.45886850357055664, 0.309007465839386, 0.0022618831135332584, 0.44848766922950745, 0.3397749960422516, 0.001137985847890377, 0.3998231589794159, 0.2870398163795471, -0.0018207826651632786, 0.4229106903076172, 0.22344061732292175, -0.030963771045207977, 0.40325766801834106, 0.3161590099334717, -0.03462745249271393, 0.3987308442592621, 0.33089613914489746, -0.027551760897040367, 0.35321030020713806, 0.27451303601264954, -0.027798838913440704, 0.3747223913669586, 0.19551053643226624, -0.05938582122325897, 0.3643186390399933, 0.27978071570396423, -0.057177335023880005, 0.35876309871673584, 0.30286845564842224, -0.04540489241480827, 0.3061526417732239, 0.27650463581085205, -0.05629545822739601, 0.3193575441837311, 0.20488502085208893, -0.06661811470985413, 0.3193528652191162, 0.26547884941101074, -0.059404317289590836, 0.3138274848461151, 0.29436826705932617, -0.04999382421374321,i am sudheer
0.30036234855651855, 0.5257590413093567, 9.6372065883088e-09, 0.39692971110343933, 0.5103284120559692, -0.012746289372444153, 0.4814760684967041, 0.47674018144607544, -0.03475657477974892, 0.5587530732154846, 0.4698348045349121, -0.06483133882284164, 0.6134145259857178, 0.4934409558773041, -0.0892253890633583, 0.4459688067436218, 0.31401506066322327, 0.01869025267660618, 0.4736785292625427, 0.2456970065832138, 0.0022159989457577467, 0.46343088150024414, 0.3089532256126404, 0.0006098062731325626, 0.45285308361053467, 0.33945322036743164, -0.0015200577909126878, 0.40276601910591125, 0.2885335683822632, -0.0015486427582800388, 0.4261718988418579, 0.2251705825328827, -0.03073248453438282, 0.4069238305091858, 0.3146873414516449, -0.03601693734526634, 0.40116414427757263, 0.3309549391269684, -0.03025696612894535, 0.35661906003952026, 0.27499133348464966, -0.02796151116490364, 0.37858444452285767, 0.19739484786987305, -0.05830229073762894, 0.36793023347854614, 0.2795056998729706, -0.05657061189413071, 0.3614915907382965, 0.3034783601760864, -0.04573565721511841, 0.30932867527008057, 0.27572113275527954, -0.057137325406074524, 0.323525071144104, 0.2049720138311386, -0.06632682681083679, 0.32321643829345703, 0.2640365958213806, -0.05895787850022316, 0.3175000548362732, 0.292710542678833, -0.04989607259631157,i am sudheer
0.3126292824745178, 0.5275445580482483, 9.838507786241735e-09, 0.40594929456710815, 0.5142143964767456, -0.013075115159153938, 0.4891934394836426, 0.4830798804759979, -0.035668715834617615, 0.5646486282348633, 0.48208191990852356, -0.0658322125673294, 0.6184999346733093, 0.5106914043426514, -0.09064239263534546, 0.45514196157455444, 0.32042044401168823, 0.010471032001078129, 0.49098554253578186, 0.25936394929885864, -0.006584175396710634, 0.4788247346878052, 0.3262577950954437, -0.007755722850561142, 0.4643533527851105, 0.35627055168151855, -0.00956516619771719, 0.4137853980064392, 0.2930438816547394, -0.008989565074443817, 0.4436720013618469, 0.2364320158958435, -0.03796903416514397, 0.42294442653656006, 0.3260745406150818, -0.04168960452079773, 0.41165992617607117, 0.3408059775829315, -0.035445090383291245, 0.3692980408668518, 0.2790321111679077, -0.0338941253721714, 0.39666038751602173, 0.20976294577121735, -0.06260014325380325, 0.38596418499946594, 0.2914729118347168, -0.06001322343945503, 0.3751509487628937, 0.31258025765419006, -0.04962015897035599, 0.32326996326446533, 0.27820950746536255, -0.0615052729845047, 0.340368390083313, 0.21772439777851105, -0.069612056016922, 0.34078356623649597, 0.2756008505821228, -0.06228353828191757, 0.3326227068901062, 0.300118088722229, -0.053811345249414444,i am sudheer
0.32132047414779663, 0.5225807428359985, 8.924429195644734e-09, 0.4137314558029175, 0.5165188312530518, -0.014136736281216145, 0.4964486360549927, 0.48749107122421265, -0.03632008656859398, 0.5705949664115906, 0.48765531182289124, -0.06536298245191574, 0.6251479387283325, 0.5170824527740479, -0.08892636746168137, 0.4654671251773834, 0.327970951795578, 0.00853853952139616, 0.49987107515335083, 0.2735220491886139, -0.006868021097034216, 0.47985175251960754, 0.34123533964157104, -0.007018255535513163, 0.46469026803970337, 0.36448997259140015, -0.008453072980046272, 0.4252564311027527, 0.2984147071838379, -0.009483988396823406, 0.4558580219745636, 0.24734993278980255, -0.036385487765073776, 0.43133458495140076, 0.33428674936294556, -0.038700949400663376, 0.41989001631736755, 0.3431225121021271, -0.03213043138384819, 0.38168275356292725, 0.2829636335372925, -0.03267877176403999, 0.4091935157775879, 0.21989382803440094, -0.05881569907069206, 0.39622998237609863, 0.2986571788787842, -0.054864302277565, 0.3849097490310669, 0.31445416808128357, -0.0440962128341198, 0.33729469776153564, 0.28035324811935425, -0.058611996471881866, 0.35374772548675537, 0.2236282378435135, -0.06444833427667618, 0.3531648814678192, 0.27957820892333984, -0.056333962827920914, 0.3447597324848175, 0.29987940192222595, -0.047682832926511765,i am sudheer
0.35202527046203613, 0.5357319116592407, 8.36844815665927e-09, 0.4388687014579773, 0.530279815196991, -0.007810667622834444, 0.5160617828369141, 0.5042985081672668, -0.02739102952182293, 0.5805143713951111, 0.5047494173049927, -0.055771395564079285, 0.6279122829437256, 0.5317187905311584, -0.0797584056854248, 0.49542152881622314, 0.3493357300758362, 0.018875138834118843, 0.5352034568786621, 0.29428160190582275, 0.004688978660851717, 0.5215839743614197, 0.3514515161514282, 0.0010007938835769892, 0.5004159212112427, 0.3813120424747467, -0.0029008493293076754, 0.46039724349975586, 0.32320544123649597, -0.0007552895112894475, 0.4954155385494232, 0.2751844525337219, -0.027078358456492424, 0.4736102223396301, 0.35215872526168823, -0.03700074180960655, 0.45522066950798035, 0.3740702271461487, -0.03603688254952431, 0.42033183574676514, 0.3081599473953247, -0.02466091327369213, 0.4515696167945862, 0.2498348504304886, -0.047861240804195404, 0.43705663084983826, 0.3221227526664734, -0.04954217001795769, 0.4218842685222626, 0.3457006812095642, -0.04415443167090416, 0.3757598102092743, 0.30234718322753906, -0.0511511005461216, 0.4011569619178772, 0.24764224886894226, -0.05641602724790573, 0.3958573341369629, 0.3005639612674713, -0.05083710700273514, 0.38341882824897766, 0.32639434933662415, -0.044918812811374664,i am sudheer
0.3647778630256653, 0.5231337547302246, 7.772277044182374e-09, 0.44472989439964294, 0.5275294780731201, -0.00990388449281454, 0.5190252065658569, 0.5076342821121216, -0.029827319085597992, 0.5810180306434631, 0.5089727640151978, -0.056892380118370056, 0.6274776458740234, 0.5357607007026672, -0.07978377491235733, 0.49949485063552856, 0.36465969681739807, 0.008988863788545132, 0.5325319766998291, 0.31119006872177124, -0.005419399589300156, 0.5143272280693054, 0.3672311007976532, -0.0077742296271026134, 0.4971131980419159, 0.39449837803840637, -0.010663345456123352, 0.4650144577026367, 0.33742088079452515, -0.008530034683644772, 0.4927010238170624, 0.28719213604927063, -0.03484369441866875, 0.46793487668037415, 0.35929936170578003, -0.04220554977655411, 0.45540088415145874, 0.37847763299942017, -0.04005527123808861, 0.4263746440410614, 0.31963497400283813, -0.029840894043445587, 0.453862726688385, 0.26031017303466797, -0.05382765829563141, 0.43751174211502075, 0.3278948664665222, -0.053006596863269806, 0.4258778989315033, 0.35276052355766296, -0.04589076712727547, 0.38410064578056335, 0.3113034963607788, -0.05346464738249779, 0.40587010979652405, 0.25572121143341064, -0.06029896438121796, 0.4001826345920563, 0.3047141432762146, -0.05423701927065849, 0.3910278081893921, 0.3301744759082794, -0.04770680144429207,i am sudheer
0.3692251145839691, 0.5172882080078125, 6.68268995696053e-09, 0.4459196627140045, 0.5248954892158508, -0.00843357015401125, 0.5213285684585571, 0.5070090293884277, -0.02695513889193535, 0.5823605060577393, 0.5100299119949341, -0.05280277132987976, 0.6245290040969849, 0.5385428667068481, -0.0747787356376648, 0.5045409798622131, 0.37185612320899963, 0.01032546442002058, 0.5362357497215271, 0.31561920046806335, -0.002686749678105116, 0.5185484886169434, 0.3686274290084839, -0.004800831899046898, 0.5003721117973328, 0.40271714329719543, -0.007496730890125036, 0.47020506858825684, 0.34370872378349304, -0.007233769167214632, 0.49700719118118286, 0.2924487292766571, -0.03326362743973732, 0.47229433059692383, 0.3582426905632019, -0.042725637555122375, 0.4588482081890106, 0.3852669298648834, -0.042032621800899506, 0.4320397675037384, 0.32427871227264404, -0.028036797419190407, 0.45852231979370117, 0.26557284593582153, -0.05053936317563057, 0.44140467047691345, 0.32783347368240356, -0.051424235105514526, 0.43053025007247925, 0.35883042216300964, -0.04594285041093826, 0.3902847468852997, 0.3150328993797302, -0.05107661336660385, 0.41274067759513855, 0.2598699927330017, -0.05701426789164543, 0.4051206409931183, 0.30588677525520325, -0.05154469236731529, 0.396190345287323, 0.33553051948547363, -0.045746348798274994,i am sudheer
0.37360742688179016, 0.521070659160614, 7.330335893840356e-09, 0.44961440563201904, 0.5252899527549744, -0.008333319798111916, 0.5221341252326965, 0.5094211101531982, -0.02682550810277462, 0.5824996829032898, 0.5134007334709167, -0.0524505078792572, 0.6231131553649902, 0.5408562421798706, -0.07428329437971115, 0.5045961141586304, 0.37342604994773865, 0.010196047835052013, 0.5392508506774902, 0.3187965750694275, -0.0029617277905344963, 0.5232053399085999, 0.37196746468544006, -0.005078746005892754, 0.5041307806968689, 0.40540724992752075, -0.007790030911564827, 0.47196000814437866, 0.3479774594306946, -0.007488012779504061, 0.5019183158874512, 0.2973959147930145, -0.033458538353443146, 0.4790022671222687, 0.36353498697280884, -0.042681459337472916, 0.46403881907463074, 0.390682190656662, -0.04191352054476738, 0.4342842996120453, 0.3305289149284363, -0.028511153534054756, 0.4637684226036072, 0.26990261673927307, -0.052317965775728226, 0.44830894470214844, 0.3315466046333313, -0.05383308604359627, 0.43550077080726624, 0.36254245042800903, -0.04837696999311447, 0.3922009766101837, 0.3234751224517822, -0.05153387039899826, 0.4173756241798401, 0.2650240659713745, -0.05956552177667618, 0.4120465815067291, 0.3100360631942749, -0.05494128167629242, 0.4017315208911896, 0.33982041478157043, -0.04930000379681587,i am sudheer
0.3819847106933594, 0.5152556300163269, 6.425639575979858e-09, 0.4546225965023041, 0.5210883617401123, -0.006397704593837261, 0.5239764451980591, 0.5041999220848083, -0.0231483057141304, 0.578672468662262, 0.5082459449768066, -0.04737855866551399, 0.6155115962028503, 0.5384669899940491, -0.06874238699674606, 0.5064521431922913, 0.3762611746788025, 0.011406308971345425, 0.5361406207084656, 0.325358510017395, -0.001416867831721902, 0.5250177383422852, 0.37589937448501587, -0.0052405125461518764, 0.507163941860199, 0.4109620451927185, -0.00854947417974472, 0.4752480387687683, 0.3520754873752594, -0.005828253924846649, 0.5030567049980164, 0.30109673738479614, -0.02987748384475708, 0.4848214387893677, 0.3626103401184082, -0.04067501798272133, 0.4685162603855133, 0.3957447409629822, -0.041774582117795944, 0.44006481766700745, 0.3349575996398926, -0.02607334405183792, 0.4673718810081482, 0.277163565158844, -0.04675321280956268, 0.45379865169525146, 0.3349505066871643, -0.049020107835531235, 0.4397476613521576, 0.3709099292755127, -0.04520370811223984, 0.4008370637893677, 0.32700470089912415, -0.04855166748166084, 0.42428210377693176, 0.27117469906806946, -0.054849933832883835, 0.41956886649131775, 0.3124960660934448, -0.05050945654511452, 0.4094722270965576, 0.34449732303619385, -0.045740123838186264,i am sudheer
0.3811511993408203, 0.5094192624092102, 6.86990730969228e-09, 0.45342785120010376, 0.5157274603843689, -0.0054636732675135136, 0.5227054953575134, 0.502068817615509, -0.02163093164563179, 0.5783907175064087, 0.507915735244751, -0.04492546617984772, 0.6159083843231201, 0.5374070405960083, -0.06494937837123871, 0.5040700435638428, 0.37757813930511475, 0.01242146734148264, 0.5361465215682983, 0.3295619785785675, 0.0008740543271414936, 0.5231258273124695, 0.3780319094657898, -0.0014035807689651847, 0.5036734342575073, 0.41097986698150635, -0.003833789611235261, 0.4733982980251312, 0.35286688804626465, -0.004377030301839113, 0.5038881897926331, 0.3057670295238495, -0.027766063809394836, 0.48392167687416077, 0.36600881814956665, -0.037207651883363724, 0.46684205532073975, 0.39506644010543823, -0.037067756056785583, 0.43889495730400085, 0.3347182273864746, -0.023969901725649834, 0.46834301948547363, 0.27969181537628174, -0.044564563781023026, 0.4543951749801636, 0.33681315183639526, -0.04630979895591736, 0.4400072395801544, 0.36927077174186707, -0.04166054353117943, 0.4000779688358307, 0.3255077600479126, -0.045328184962272644, 0.4259754717350006, 0.27238011360168457, -0.05125806853175163, 0.4211709201335907, 0.3141428828239441, -0.046616848558187485, 0.41048553586006165, 0.34409964084625244, -0.041394613683223724,i am sudheer
0.38225632905960083, 0.5068086981773376, 7.105365629200833e-09, 0.4545165002346039, 0.5135486125946045, -0.004344458691775799, 0.5241091251373291, 0.5008408427238464, -0.020045284181833267, 0.5793474912643433, 0.5073827505111694, -0.04287928342819214, 0.6159537434577942, 0.5379640460014343, -0.06232699379324913, 0.505365252494812, 0.3762980103492737, 0.01297682709991932, 0.5366231203079224, 0.3295598328113556, 0.001965212868526578, 0.5220273733139038, 0.37769898772239685, 0.00039401816320605576, 0.5027467012405396, 0.40842190384864807, -0.001621269271709025, 0.4739778935909271, 0.3512921631336212, -0.004096366930752993, 0.5039263367652893, 0.3062456548213959, -0.02660956233739853, 0.4824233651161194, 0.36637812852859497, -0.03465104103088379, 0.4660686254501343, 0.392484188079834, -0.033642273396253586, 0.4393346309661865, 0.33305585384368896, -0.02386944368481636, 0.4691814184188843, 0.27988165616989136, -0.04372289031744003, 0.4538359045982361, 0.33701276779174805, -0.04400031641125679, 0.43974679708480835, 0.3666352927684784, -0.038411881774663925, 0.40079280734062195, 0.3236246109008789, -0.04531410336494446, 0.4274342656135559, 0.2722640633583069, -0.050555918365716934, 0.4214279353618622, 0.31471824645996094, -0.04491577297449112, 0.4104316532611847, 0.34295937418937683, -0.03897279500961304,i am sudheer
0.3833920359611511, 0.5021605491638184, 7.456080197698611e-09, 0.455270916223526, 0.5097162127494812, -0.003434136277064681, 0.5244640111923218, 0.49810099601745605, -0.017926933243870735, 0.5794906616210938, 0.5050305128097534, -0.039677008986473083, 0.6151224374771118, 0.534731388092041, -0.05838058888912201, 0.5043202638626099, 0.37549126148223877, 0.015308490954339504, 0.5346529483795166, 0.33002203702926636, 0.0052047353237867355, 0.5224747657775879, 0.3751944601535797, 0.0033806515857577324, 0.5051736831665039, 0.4044155478477478, 0.0012925988994538784, 0.47348853945732117, 0.3507823944091797, -0.0013628589222207665, 0.5028316378593445, 0.3051087260246277, -0.022614380344748497, 0.4826068878173828, 0.3616247773170471, -0.030974827706813812, 0.46638786792755127, 0.38825929164886475, -0.030403519049286842, 0.43963757157325745, 0.3322863280773163, -0.020693842321634293, 0.4686182141304016, 0.27994677424430847, -0.039692044258117676, 0.45348769426345825, 0.3347945809364319, -0.04055119305849075, 0.43951615691185, 0.36465826630592346, -0.03545726090669632, 0.4020400941371918, 0.32229098677635193, -0.041706182062625885, 0.4272157847881317, 0.2722421884536743, -0.04659266024827957, 0.42059290409088135, 0.31357792019844055, -0.04126496613025665, 0.4094197750091553, 0.34182268381118774, -0.035611748695373535,i am sudheer
0.3828588128089905, 0.5031218528747559, 7.643988553240888e-09, 0.4545789062976837, 0.5102830529212952, -0.0035037933848798275, 0.5227377414703369, 0.49890220165252686, -0.01867753453552723, 0.5777236819267273, 0.5044975280761719, -0.041143931448459625, 0.6146480441093445, 0.532423734664917, -0.060347966849803925, 0.5029292106628418, 0.37450599670410156, 0.015381962060928345, 0.5348742604255676, 0.33054161071777344, 0.004489968065172434, 0.5216084718704224, 0.37692052125930786, 0.0024786125868558884, 0.5037974715232849, 0.4045463800430298, 0.00023444091493729502, 0.47279924154281616, 0.3497704863548279, -0.0016967791598290205, 0.5029970407485962, 0.3055953085422516, -0.023846076801419258, 0.4813021123409271, 0.3634905219078064, -0.03192085400223732, 0.46513649821281433, 0.38756442070007324, -0.03094552643597126, 0.4392600655555725, 0.3313814401626587, -0.02156967669725418, 0.46935662627220154, 0.27916789054870605, -0.041650328785181046, 0.4526703953742981, 0.3351685702800751, -0.041723668575286865, 0.4381530284881592, 0.3628719747066498, -0.03580736741423607, 0.40156418085098267, 0.3212489187717438, -0.04308517277240753, 0.42783495783805847, 0.27124881744384766, -0.04854854568839073, 0.42022955417633057, 0.313770592212677, -0.042690541595220566, 0.4082728326320648, 0.34105154871940613, -0.036475297063589096,i am sudheer
0.38339078426361084, 0.5173614621162415, 8.228624004402718e-09, 0.45645663142204285, 0.5184433460235596, -0.0041893478482961655, 0.5234760046005249, 0.4990144371986389, -0.018432173877954483, 0.5772461295127869, 0.49673956632614136, -0.03986010700464249, 0.6157995462417603, 0.5164421796798706, -0.058585770428180695, 0.49972081184387207, 0.3799373209476471, 0.016084957867860794, 0.5310078859329224, 0.3342640995979309, 0.004745082929730415, 0.5212674140930176, 0.38086098432540894, 0.0024915800895541906, 0.5044140219688416, 0.4109119772911072, 0.00041799823520705104, 0.4686884582042694, 0.35860952734947205, -0.0006329503958113492, 0.4985537827014923, 0.3101569712162018, -0.02286216989159584, 0.4804372191429138, 0.3704617917537689, -0.031654566526412964, 0.46316343545913696, 0.39942026138305664, -0.03110034577548504, 0.433806449174881, 0.34305423498153687, -0.020590035244822502, 0.46368327736854553, 0.28947317600250244, -0.04188603162765503, 0.45053842663764954, 0.34600043296813965, -0.04412820562720299, 0.4355342984199524, 0.37556058168411255, -0.03950386121869087, 0.3949067294597626, 0.3342391550540924, -0.04212668165564537, 0.42094579339027405, 0.28398263454437256, -0.050432417541742325, 0.4170107841491699, 0.3260321617126465, -0.046978116035461426, 0.40611475706100464, 0.35334330797195435, -0.042075734585523605,i am sudheer
0.38480231165885925, 0.5330238938331604, 7.447592320630747e-09, 0.4543827474117279, 0.5289571285247803, -0.0034432869870215654, 0.5227131247520447, 0.5001257061958313, -0.014830110594630241, 0.5765860080718994, 0.4892006516456604, -0.033870551735162735, 0.6158878803253174, 0.5016906261444092, -0.05106964334845543, 0.49326223134994507, 0.38948294520378113, 0.022750698029994965, 0.5219071507453918, 0.33868396282196045, 0.012239440344274044, 0.5204571485519409, 0.37857329845428467, 0.009206361137330532, 0.5066380500793457, 0.413472980260849, 0.007280947174876928, 0.4631636440753937, 0.3689838647842407, 0.006489931605756283, 0.4931392967700958, 0.3087986707687378, -0.014458312653005123, 0.4842367470264435, 0.3654506802558899, -0.025446072220802307, 0.46763500571250916, 0.4063767194747925, -0.026026640087366104, 0.42944398522377014, 0.35456591844558716, -0.013688025996088982, 0.45768555998802185, 0.2902664542198181, -0.03447498008608818, 0.4513758718967438, 0.3454778790473938, -0.04008974879980087, 0.4369356632232666, 0.3874514698982239, -0.037404727190732956, 0.3905859887599945, 0.3476219177246094, -0.035616155713796616, 0.4141625165939331, 0.2926849126815796, -0.04527495056390762, 0.4156136214733124, 0.3312143087387085, -0.04454537481069565, 0.4075242280960083, 0.3646577000617981, -0.041123922914266586,i am sudheer
0.4288736581802368, 0.669476330280304, 4.997287916808091e-09, 0.48418256640434265, 0.6636236906051636, -0.015706192702054977, 0.5346112847328186, 0.6190598011016846, -0.032459456473588943, 0.5673698782920837, 0.5752199292182922, -0.05132562294602394, 0.5988714098930359, 0.5443638563156128, -0.06873694807291031, 0.5084997415542603, 0.46636104583740234, -0.010773621499538422, 0.5236249566078186, 0.4351205825805664, -0.022793162614107132, 0.5269566178321838, 0.4902843236923218, -0.025836236774921417, 0.5170051455497742, 0.538335919380188, -0.029702669009566307, 0.4667860269546509, 0.451843798160553, -0.02080334722995758, 0.4820423722267151, 0.4365537464618683, -0.037886276841163635, 0.4842139184474945, 0.5059113502502441, -0.04635807126760483, 0.4780977964401245, 0.5454033017158508, -0.05160212889313698, 0.42483875155448914, 0.4581499397754669, -0.0336875282227993, 0.4369637668132782, 0.44374823570251465, -0.05362895503640175, 0.4420716166496277, 0.5081543326377869, -0.060295362025499344, 0.4403069019317627, 0.5447605848312378, -0.06373198330402374, 0.3811206817626953, 0.4734397828578949, -0.04898463934659958, 0.38810163736343384, 0.46037620306015015, -0.0657423883676529, 0.3986935019493103, 0.508879542350769, -0.06972136348485947, 0.40478551387786865, 0.5411959886550903, -0.07133559137582779,i am sudheer
0.19981732964515686, 0.10097897797822952, -1.2178910102633722e-09, 0.23447838425636292, 0.08004407584667206, -0.02797314152121544, 0.25805455446243286, 0.05992704629898071, -0.051276639103889465, 0.256235271692276, 0.05079767853021622, -0.07227883487939835, 0.23972953855991364, 0.0537579208612442, -0.09345417469739914, 0.24043148756027222, -0.002133820205926895, -0.05615351349115372, 0.24470984935760498, -0.022258315235376358, -0.08391440659761429, 0.2439260184764862, -0.005740273743867874, -0.10112209618091583, 0.24404290318489075, 0.009760571643710136, -0.11307414621114731, 0.21288852393627167, 0.0026564709842205048, -0.05846983194351196, 0.20995576679706573, -0.0020301304757595062, -0.09083864837884903, 0.21083007752895355, 0.01948625221848488, -0.10710091143846512, 0.21409030258655548, 0.037842802703380585, -0.11852926760911942, 0.18690991401672363, 0.018063068389892578, -0.061777397990226746, 0.1823284924030304, 0.018844787031412125, -0.09157323837280273, 0.1881033331155777, 0.04132687300443649, -0.10246419161558151, 0.19747695326805115, 0.05994346737861633, -0.10880636423826218, 0.16294972598552704, 0.04065244272351265, -0.06769520789384842, 0.15928645431995392, 0.04394415393471718, -0.09066487103700638, 0.171239972114563, 0.06294316798448563, -0.09907292574644089, 0.18595293164253235, 0.0795450508594513, -0.10466912388801575,i am sudheer
0.19621755182743073, 0.11383405327796936, 4.670388520366942e-10, 0.22891685366630554, 0.0941687524318695, -0.02149728126823902, 0.2534240186214447, 0.06959152966737747, -0.039729733020067215, 0.2566651403903961, 0.059386707842350006, -0.05741553753614426, 0.24787352979183197, 0.06502652913331985, -0.07533860951662064, 0.23748500645160675, 0.0108456090092659, -0.041314978152513504, 0.244663268327713, -0.020312022417783737, -0.06445613503456116, 0.24467362463474274, -0.011880099773406982, -0.07928269356489182, 0.2440902292728424, -0.0005767755210399628, -0.09007898718118668, 0.21017971634864807, 0.011518655344843864, -0.04587335139513016, 0.2107187807559967, -0.002145320177078247, -0.07420337200164795, 0.2142253816127777, 0.015666574239730835, -0.08985133469104767, 0.21875126659870148, 0.03196784108877182, -0.10046478360891342, 0.18346697092056274, 0.023120706900954247, -0.05149539187550545, 0.17998385429382324, 0.020435113459825516, -0.07783101499080658, 0.18847417831420898, 0.04655365273356438, -0.08820651471614838, 0.19981133937835693, 0.06753677129745483, -0.09394395351409912, 0.1586124747991562, 0.042424075305461884, -0.05950084701180458, 0.15751275420188904, 0.0456407256424427, -0.07988043874502182, 0.17165765166282654, 0.06523919850587845, -0.08747576922178268, 0.18727782368659973, 0.08152276277542114, -0.09223780035972595,i am sudheer
0.1994263082742691, 0.13021636009216309, -1.9977097753809403e-09, 0.23450832068920135, 0.10658170282840729, -0.023537026718258858, 0.25804054737091064, 0.07333020120859146, -0.0381336584687233, 0.25601449608802795, 0.04976402223110199, -0.051395028829574585, 0.24028520286083221, 0.04662153869867325, -0.06456933170557022, 0.24129225313663483, 0.013274885714054108, -0.03066609613597393, 0.24240928888320923, -0.010516524314880371, -0.04830412566661835, 0.2408534735441208, 0.004632677882909775, -0.060054976493120193, 0.24049553275108337, 0.022944841533899307, -0.06875356286764145, 0.21450400352478027, 0.011903204023838043, -0.03172796219587326, 0.20820264518260956, -0.0016387701034545898, -0.05383019521832466, 0.21059095859527588, 0.019032683223485947, -0.06912483274936676, 0.2165529727935791, 0.04137161374092102, -0.07988342642784119, 0.18803152441978455, 0.02217111736536026, -0.03456156328320503, 0.1789829432964325, 0.0152227021753788, -0.056489016860723495, 0.18625979125499725, 0.04275454580783844, -0.0682489424943924, 0.19850890338420868, 0.0674607902765274, -0.07523063570261002, 0.16253654658794403, 0.04114441201090813, -0.040027860552072525, 0.1577683389186859, 0.03751911595463753, -0.05778061971068382, 0.1695803552865982, 0.059073109179735184, -0.06603555381298065, 0.184792160987854, 0.0797504335641861, -0.07133879512548447,i am sudheer
